Sun May 23 01:21:30 UTC 2021,23
Mon May 24 01:18:34 UTC 2021,24
Tue May 25 01:15:11 UTC 2021,26
Wed May 26 01:33:19 UTC 2021,29
Thu May 27 01:44:53 UTC 2021,34
Fri May 28 01:54:00 UTC 2021,36
Sat May 29 02:10:10 UTC 2021,36
Sun May 30 02:24:43 UTC 2021,44
Mon May 31 02:35:42 UTC 2021,45
Tue Jun  1 03:04:11 UTC 2021,47
Wed Jun  2 03:03:30 UTC 2021,51
Thu Jun  3 02:38:29 UTC 2021,53
Fri Jun  4 02:01:31 UTC 2021,57
Sat Jun  5 01:45:22 UTC 2021,62
Sun Jun  6 01:38:42 UTC 2021,54
Mon Jun  7 01:39:13 UTC 2021,79
Tue Jun  8 01:35:39 UTC 2021,199
Wed Jun  9 01:10:59 UTC 2021,298
Thu Jun 10 01:08:04 UTC 2021,364
Fri Jun 11 01:02:12 UTC 2021,414
Sat Jun 12 00:57:08 UTC 2021,465
Sun Jun 13 01:03:45 UTC 2021,531
Mon Jun 14 01:00:01 UTC 2021,562
Tue Jun 15 01:05:18 UTC 2021,633
Wed Jun 16 01:01:53 UTC 2021,678
Thu Jun 17 00:59:47 UTC 2021,778
Fri Jun 18 01:03:22 UTC 2021,908
Sat Jun 19 01:01:55 UTC 2021,1320
Sun Jun 20 01:04:30 UTC 2021,1645
Mon Jun 21 01:06:22 UTC 2021,1831
Tue Jun 22 00:59:00 UTC 2021,2016
Wed Jun 23 00:54:31 UTC 2021,2164
Thu Jun 24 00:49:11 UTC 2021,2324
Fri Jun 25 01:07:19 UTC 2021,2525
Sat Jun 26 00:59:29 UTC 2021,2661
Sun Jun 27 01:09:07 UTC 2021,
Mon Jun 28 01:03:21 UTC 2021,2943
Tue Jun 29 00:59:26 UTC 2021,3060
Wed Jun 30 01:05:23 UTC 2021,3121
Thu Jul  1 01:05:35 UTC 2021,3173
Fri Jul  2 01:02:01 UTC 2021,3251
Sat Jul  3 01:00:03 UTC 2021,3334
Sun Jul  4 01:03:06 UTC 2021,3410
Mon Jul  5 01:00:33 UTC 2021,3488
Tue Jul  6 01:05:07 UTC 2021,3575
Wed Jul  7 01:05:13 UTC 2021,3662
Thu Jul  8 01:01:34 UTC 2021,3774
Fri Jul  9 01:03:05 UTC 2021,3862
Sat Jul 10 01:01:03 UTC 2021,3928
Sun Jul 11 01:08:04 UTC 2021,3991
Mon Jul 12 01:01:09 UTC 2021,4067
Tue Jul 13 01:04:06 UTC 2021,4119
Wed Jul 14 00:58:53 UTC 2021,4164
Thu Jul 15 01:03:37 UTC 2021,4234
Fri Jul 16 01:03:31 UTC 2021,4291
Sat Jul 17 01:01:09 UTC 2021,4365
Sun Jul 18 01:04:34 UTC 2021,4461
Mon Jul 19 01:03:21 UTC 2021,4554
Tue Jul 20 01:07:41 UTC 2021,4619
Wed Jul 21 01:04:33 UTC 2021,4688
Thu Jul 22 01:04:52 UTC 2021,4739
Fri Jul 23 01:04:06 UTC 2021,4815
Sat Jul 24 01:03:28 UTC 2021,4885
Sun Jul 25 01:05:07 UTC 2021,4947
Mon Jul 26 01:02:58 UTC 2021,5005
Tue Jul 27 01:04:09 UTC 2021,5060
Wed Jul 28 01:06:39 UTC 2021,5125
Thu Jul 29 01:01:58 UTC 2021,5203
Fri Jul 30 01:05:35 UTC 2021,5268
Sat Jul 31 01:02:30 UTC 2021,5349
Sun Aug  1 01:12:04 UTC 2021,5404
Mon Aug  2 01:03:05 UTC 2021,5434
Tue Aug  3 01:07:26 UTC 2021,5504
Wed Aug  4 01:02:30 UTC 2021,5571
Thu Aug  5 01:03:44 UTC 2021,5635
Fri Aug  6 01:06:33 UTC 2021,5682
Sat Aug  7 00:57:58 UTC 2021,5770
Sun Aug  8 01:03:35 UTC 2021,5864
Mon Aug  9 01:03:04 UTC 2021,5935
Tue Aug 10 01:05:20 UTC 2021,5997
Wed Aug 11 01:03:26 UTC 2021,6063
Thu Aug 12 01:01:53 UTC 2021,6121
Fri Aug 13 01:04:06 UTC 2021,6166
Sat Aug 14 00:58:10 UTC 2021,6220
Sun Aug 15 01:02:32 UTC 2021,6293
Mon Aug 16 01:01:37 UTC 2021,6356
Tue Aug 17 01:01:00 UTC 2021,6410
Wed Aug 18 01:02:31 UTC 2021,6496
Thu Aug 19 00:55:28 UTC 2021,6577
Fri Aug 20 01:00:16 UTC 2021,6655
Sat Aug 21 00:59:34 UTC 2021,6700
Sun Aug 22 01:00:44 UTC 2021,6761
Mon Aug 23 00:57:18 UTC 2021,6807
Tue Aug 24 01:00:35 UTC 2021,6863
Wed Aug 25 01:01:10 UTC 2021,6934
Thu Aug 26 00:59:12 UTC 2021,6999
Fri Aug 27 01:06:14 UTC 2021,7068
Sat Aug 28 00:58:29 UTC 2021,7122
Sun Aug 29 01:04:27 UTC 2021,7181
Mon Aug 30 01:01:53 UTC 2021,7243
Tue Aug 31 01:03:22 UTC 2021,7310
Wed Sep  1 01:09:10 UTC 2021,7374
Thu Sep  2 01:03:17 UTC 2021,7427
Fri Sep  3 01:02:28 UTC 2021,7483
Sat Sep  4 01:03:55 UTC 2021,7543
Sun Sep  5 01:05:55 UTC 2021,7610
Mon Sep  6 01:09:57 UTC 2021,7652
Tue Sep  7 01:01:22 UTC 2021,7723
Wed Sep  8 01:01:49 UTC 2021,7814
Thu Sep  9 01:06:54 UTC 2021,7881
Fri Sep 10 01:07:22 UTC 2021,7936
Sat Sep 11 01:02:32 UTC 2021,7990
Sun Sep 12 01:06:23 UTC 2021,8108
Mon Sep 13 01:06:17 UTC 2021,8180
Tue Sep 14 01:07:35 UTC 2021,8257
Wed Sep 15 01:03:58 UTC 2021,8320
Thu Sep 16 01:08:12 UTC 2021,8394
Fri Sep 17 01:11:29 UTC 2021,8485
Sat Sep 18 01:03:17 UTC 2021,8546
Sun Sep 19 01:05:46 UTC 2021,8596
Mon Sep 20 01:08:22 UTC 2021,8667
Tue Sep 21 01:06:09 UTC 2021,8738
Wed Sep 22 01:07:57 UTC 2021,8779
Thu Sep 23 01:10:34 UTC 2021,8834
Fri Sep 24 01:06:10 UTC 2021,8896
Sat Sep 25 01:03:51 UTC 2021,8969
Sun Sep 26 01:06:56 UTC 2021,9026
Mon Sep 27 01:05:21 UTC 2021,9091
Tue Sep 28 01:06:01 UTC 2021,9128
Wed Sep 29 01:02:58 UTC 2021,9166
Thu Sep 30 01:11:27 UTC 2021,9237
Fri Oct  1 01:10:30 UTC 2021,9319
Sat Oct  2 01:04:26 UTC 2021,9414
Sun Oct  3 01:11:39 UTC 2021,9478
Mon Oct  4 01:10:59 UTC 2021,9530
Tue Oct  5 01:06:01 UTC 2021,9595
Wed Oct  6 01:06:55 UTC 2021,9720
Thu Oct  7 01:08:38 UTC 2021,9775
Fri Oct  8 01:11:07 UTC 2021,9833
Sat Oct  9 01:03:40 UTC 2021,9888
Sun Oct 10 01:08:14 UTC 2021,9937
Mon Oct 11 01:08:39 UTC 2021,9985
Tue Oct 12 01:10:22 UTC 2021,10057
Wed Oct 13 01:09:32 UTC 2021,10120
Thu Oct 14 01:06:15 UTC 2021,10158
Fri Oct 15 01:10:47 UTC 2021,10212
Sat Oct 16 01:13:47 UTC 2021,10263
Sun Oct 17 01:07:13 UTC 2021,10332
Mon Oct 18 01:10:59 UTC 2021,10381
Tue Oct 19 01:10:54 UTC 2021,10455
Wed Oct 20 01:10:09 UTC 2021,10531
Thu Oct 21 01:15:05 UTC 2021,10592
Fri Oct 22 01:16:56 UTC 2021,10675
Sat Oct 23 01:08:48 UTC 2021,10734
Sun Oct 24 01:07:33 UTC 2021,10784
Mon Oct 25 01:09:03 UTC 2021,10847
Tue Oct 26 01:03:53 UTC 2021,10936
Wed Oct 27 01:03:35 UTC 2021,10969
Thu Oct 28 01:04:39 UTC 2021,11003
Fri Oct 29 01:03:07 UTC 2021,11056
Sat Oct 30 01:02:55 UTC 2021,11154
Sun Oct 31 01:07:43 UTC 2021,11206
Mon Nov  1 01:08:08 UTC 2021,11256
Tue Nov  2 01:08:39 UTC 2021,11302
Wed Nov  3 01:04:33 UTC 2021,11376
Thu Nov  4 01:05:14 UTC 2021,11412
Fri Nov  5 01:04:41 UTC 2021,11537
Sat Nov  6 01:03:10 UTC 2021,11642
Sun Nov  7 01:07:47 UTC 2021,11791
Mon Nov  8 01:05:38 UTC 2021,11918
Tue Nov  9 01:05:45 UTC 2021,12073
Wed Nov 10 01:05:30 UTC 2021,12321
Thu Nov 11 01:06:31 UTC 2021,12449
Fri Nov 12 01:06:55 UTC 2021,12598
Sat Nov 13 01:04:22 UTC 2021,12801
Sun Nov 14 01:07:54 UTC 2021,12889
Mon Nov 15 01:05:36 UTC 2021,12996
Tue Nov 16 01:06:06 UTC 2021,13135
Wed Nov 17 01:05:29 UTC 2021,13291
Thu Nov 18 01:06:08 UTC 2021,13492
Fri Nov 19 01:06:15 UTC 2021,13682
Sat Nov 20 01:04:45 UTC 2021,13819
Sun Nov 21 01:08:46 UTC 2021,13948
Mon Nov 22 01:07:04 UTC 2021,14064
Tue Nov 23 01:05:58 UTC 2021,14258
Wed Nov 24 01:05:39 UTC 2021,14431
Thu Nov 25 01:06:52 UTC 2021,14627
Fri Nov 26 01:05:00 UTC 2021,14694
Sat Nov 27 01:04:15 UTC 2021,14768
Sun Nov 28 01:07:24 UTC 2021,14859
Mon Nov 29 01:06:07 UTC 2021,14889
Tue Nov 30 01:05:42 UTC 2021,14963
Wed Dec  1 01:10:45 UTC 2021,15019
Thu Dec  2 01:07:18 UTC 2021,15089
Fri Dec  3 01:06:35 UTC 2021,15146
Sat Dec  4 01:06:40 UTC 2021,15220
Sun Dec  5 01:12:54 UTC 2021,15295
Mon Dec  6 01:09:15 UTC 2021,15382
Tue Dec  7 01:11:13 UTC 2021,15432
Wed Dec  8 01:09:45 UTC 2021,15510
Thu Dec  9 01:08:45 UTC 2021,15558
Fri Dec 10 01:08:58 UTC 2021,15592
Sat Dec 11 01:07:25 UTC 2021,15655
Sun Dec 12 01:11:55 UTC 2021,15731
Mon Dec 13 01:08:38 UTC 2021,15796
Tue Dec 14 01:12:16 UTC 2021,15869
Wed Dec 15 01:08:06 UTC 2021,15927
Thu Dec 16 01:08:23 UTC 2021,15987
Fri Dec 17 01:11:03 UTC 2021,16053
Sat Dec 18 01:13:07 UTC 2021,16113
Sun Dec 19 01:14:45 UTC 2021,16170
Mon Dec 20 01:11:05 UTC 2021,16210
Tue Dec 21 01:12:47 UTC 2021,16271
Wed Dec 22 01:11:58 UTC 2021,16354
Thu Dec 23 01:10:18 UTC 2021,16424
Fri Dec 24 01:09:20 UTC 2021,16503
Sat Dec 25 01:08:46 UTC 2021,16541
Sun Dec 26 01:14:36 UTC 2021,16582
Mon Dec 27 01:11:04 UTC 2021,16635
Tue Dec 28 01:10:19 UTC 2021,16704
Wed Dec 29 01:09:42 UTC 2021,16758
Thu Dec 30 01:10:08 UTC 2021,16795
Fri Dec 31 01:12:30 UTC 2021,16844
Sat Jan  1 01:13:25 UTC 2022,16933
Sun Jan  2 01:14:41 UTC 2022,16989
Mon Jan  3 01:11:16 UTC 2022,17037
Tue Jan  4 01:12:02 UTC 2022,17121
Wed Jan  5 01:14:08 UTC 2022,17170
Thu Jan  6 01:18:30 UTC 2022,17240
Fri Jan  7 01:18:20 UTC 2022,17305
Sat Jan  8 01:11:47 UTC 2022,17350
Sun Jan  9 01:16:03 UTC 2022,17402
Mon Jan 10 01:11:11 UTC 2022,17447
Tue Jan 11 01:14:04 UTC 2022,17496
Wed Jan 12 01:12:44 UTC 2022,17543
Thu Jan 13 01:15:48 UTC 2022,17588
Fri Jan 14 01:14:29 UTC 2022,17640
Sat Jan 15 01:11:54 UTC 2022,17685
Sun Jan 16 01:16:52 UTC 2022,17755
Mon Jan 17 01:13:55 UTC 2022,17823
Tue Jan 18 01:15:07 UTC 2022,18119
Wed Jan 19 01:05:50 UTC 2022,18163
Thu Jan 20 01:21:20 UTC 2022,18227
Fri Jan 21 01:06:24 UTC 2022,18285
Sat Jan 22 01:05:34 UTC 2022,18332
Sun Jan 23 01:08:27 UTC 2022,18394
Mon Jan 24 01:09:01 UTC 2022,18451
Tue Jan 25 01:14:41 UTC 2022,18535
Wed Jan 26 01:15:18 UTC 2022,18611
Thu Jan 27 01:08:44 UTC 2022,18672
Fri Jan 28 01:08:52 UTC 2022,18730
Sat Jan 29 01:03:50 UTC 2022,18792
Sun Jan 30 01:09:33 UTC 2022,18866
Mon Jan 31 01:06:48 UTC 2022,18915
Tue Feb  1 01:11:42 UTC 2022,18960
Wed Feb  2 01:10:00 UTC 2022,19003
Thu Feb  3 01:06:30 UTC 2022,19059
Fri Feb  4 01:06:41 UTC 2022,19104
Sat Feb  5 00:59:15 UTC 2022,19167
Sun Feb  6 01:17:26 UTC 2022,19230
Mon Feb  7 01:08:55 UTC 2022,19282
Tue Feb  8 01:11:36 UTC 2022,19350
Wed Feb  9 01:15:07 UTC 2022,19405
Thu Feb 10 01:11:50 UTC 2022,19539
Fri Feb 11 01:15:14 UTC 2022,19602
Sat Feb 12 01:15:34 UTC 2022,19651
Sun Feb 13 01:16:03 UTC 2022,19704
Mon Feb 14 01:07:52 UTC 2022,19765
Tue Feb 15 01:19:18 UTC 2022,19813
Wed Feb 16 01:17:42 UTC 2022,19896
Thu Feb 17 01:06:07 UTC 2022,19951
Fri Feb 18 01:18:18 UTC 2022,19996
Sat Feb 19 01:13:47 UTC 2022,20066
Sun Feb 20 01:18:36 UTC 2022,20130
Mon Feb 21 01:09:31 UTC 2022,20192
Tue Feb 22 01:12:17 UTC 2022,20270
Wed Feb 23 01:21:01 UTC 2022,20339
Thu Feb 24 01:19:56 UTC 2022,20396
Fri Feb 25 01:17:30 UTC 2022,20449
Sat Feb 26 01:10:48 UTC 2022,20486
Sun Feb 27 01:18:12 UTC 2022,20569
Mon Feb 28 01:17:42 UTC 2022,20623
Tue Mar  1 01:32:52 UTC 2022,20724
Wed Mar  2 01:23:17 UTC 2022,20790
Thu Mar  3 01:23:03 UTC 2022,20862
Fri Mar  4 01:34:00 UTC 2022,20908
Sat Mar  5 01:20:18 UTC 2022,20959
Sun Mar  6 01:18:52 UTC 2022,21013
Mon Mar  7 01:20:24 UTC 2022,21056
Tue Mar  8 01:20:00 UTC 2022,21108
Wed Mar  9 01:23:35 UTC 2022,21181
Thu Mar 10 01:34:23 UTC 2022,21246
Fri Mar 11 01:26:13 UTC 2022,21306
Sat Mar 12 01:15:08 UTC 2022,21378
Sun Mar 13 01:17:51 UTC 2022,21432
Mon Mar 14 01:22:56 UTC 2022,21474
Tue Mar 15 01:25:06 UTC 2022,21510
Wed Mar 16 01:33:57 UTC 2022,21540
Thu Mar 17 01:23:53 UTC 2022,21592
Fri Mar 18 01:37:08 UTC 2022,21666
Sat Mar 19 01:21:07 UTC 2022,21721
Sun Mar 20 01:25:23 UTC 2022,21768
Mon Mar 21 01:38:06 UTC 2022,21796
Tue Mar 22 01:39:45 UTC 2022,21855
Wed Mar 23 01:43:03 UTC 2022,21909
Thu Mar 24 01:38:13 UTC 2022,21949
Fri Mar 25 01:36:04 UTC 2022,22004
Sat Mar 26 01:35:34 UTC 2022,22052
Sun Mar 27 01:40:22 UTC 2022,22090
Mon Mar 28 01:47:06 UTC 2022,22130
Tue Mar 29 01:45:30 UTC 2022,22177
Wed Mar 30 01:45:16 UTC 2022,22235
Thu Mar 31 01:42:26 UTC 2022,22303
Fri Apr  1 01:54:37 UTC 2022,22349
Sat Apr  2 01:41:54 UTC 2022,22387
Sun Apr  3 01:45:56 UTC 2022,22448
Mon Apr  4 01:50:37 UTC 2022,22605
Tue Apr  5 01:40:18 UTC 2022,22738
Wed Apr  6 01:43:14 UTC 2022,22799
Thu Apr  7 01:40:05 UTC 2022,22857
Fri Apr  8 01:45:17 UTC 2022,22934
Sat Apr  9 01:39:19 UTC 2022,22972
Sun Apr 10 01:46:33 UTC 2022,23026
Mon Apr 11 01:49:58 UTC 2022,23076
Tue Apr 12 01:46:38 UTC 2022,23130
Wed Apr 13 01:53:31 UTC 2022,23192
Thu Apr 14 01:54:50 UTC 2022,23263
Fri Apr 15 01:48:47 UTC 2022,23330
Sat Apr 16 01:41:00 UTC 2022,23384
Sun Apr 17 01:47:49 UTC 2022,23438
Mon Apr 18 02:00:23 UTC 2022,23494
Tue Apr 19 01:58:41 UTC 2022,23524
Wed Apr 20 02:03:20 UTC 2022,23572
Thu Apr 21 01:53:59 UTC 2022,23616
Fri Apr 22 02:01:33 UTC 2022,23655
Sat Apr 23 01:49:13 UTC 2022,23683
Sun Apr 24 01:46:11 UTC 2022,23725
Mon Apr 25 01:50:52 UTC 2022,23768
Tue Apr 26 02:01:31 UTC 2022,23815
Wed Apr 27 02:04:06 UTC 2022,23865
Thu Apr 28 02:39:19 UTC 2022,23916
Fri Apr 29 02:03:32 UTC 2022,23966
Sat Apr 30 02:02:09 UTC 2022,24023
Sun May  1 02:24:34 UTC 2022,24059
Mon May  2 02:06:51 UTC 2022,24097
Tue May  3 02:03:54 UTC 2022,24132
Wed May  4 02:08:05 UTC 2022,24160
Thu May  5 01:53:41 UTC 2022,24207
Fri May  6 01:48:01 UTC 2022,24242
Sat May  7 01:46:23 UTC 2022,24290
Sun May  8 02:00:14 UTC 2022,24324
Mon May  9 02:00:36 UTC 2022,24389
Tue May 10 01:36:50 UTC 2022,24444
Wed May 11 02:01:00 UTC 2022,24492
Thu May 12 02:00:39 UTC 2022,24570
Fri May 13 02:06:42 UTC 2022,24603
Sat May 14 02:09:50 UTC 2022,24641
Sun May 15 02:04:56 UTC 2022,24699
Mon May 16 01:49:59 UTC 2022,24730
Tue May 17 01:56:41 UTC 2022,24766
Wed May 18 01:49:41 UTC 2022,24806
Thu May 19 02:05:07 UTC 2022,24859
Fri May 20 01:56:30 UTC 2022,24908
Sat May 21 01:34:18 UTC 2022,24940
Sun May 22 01:51:28 UTC 2022,24995
Mon May 23 01:54:51 UTC 2022,25014
Tue May 24 02:01:22 UTC 2022,25053
Wed May 25 01:59:56 UTC 2022,25090
Thu May 26 02:03:52 UTC 2022,25124
Fri May 27 01:58:40 UTC 2022,25174
Sat May 28 01:52:51 UTC 2022,25255
Sun May 29 02:12:29 UTC 2022,25297
Mon May 30 02:04:05 UTC 2022,25320
Tue May 31 02:02:47 UTC 2022,25372
Wed Jun  1 02:22:11 UTC 2022,25412
Thu Jun  2 02:02:50 UTC 2022,25458
Fri Jun  3 01:49:11 UTC 2022,25494
Sat Jun  4 01:48:35 UTC 2022,25532
Sun Jun  5 02:01:18 UTC 2022,25587
Mon Jun  6 02:00:19 UTC 2022,25620
Tue Jun  7 01:55:24 UTC 2022,25688
Wed Jun  8 01:54:36 UTC 2022,25717
Thu Jun  9 01:57:25 UTC 2022,25727
Fri Jun 10 02:01:56 UTC 2022,25732
Sat Jun 11 01:55:59 UTC 2022,25764
Sun Jun 12 02:10:50 UTC 2022,25781
Mon Jun 13 02:08:29 UTC 2022,25730
Tue Jun 14 02:11:49 UTC 2022,25738
Wed Jun 15 02:07:14 UTC 2022,25744
Thu Jun 16 01:59:28 UTC 2022,25750
Fri Jun 17 02:00:52 UTC 2022,25249
Sat Jun 18 02:01:37 UTC 2022,25256
Sun Jun 19 02:11:24 UTC 2022,25262
Mon Jun 20 02:01:02 UTC 2022,25263
Tue Jun 21 02:02:01 UTC 2022,25274
Wed Jun 22 02:14:36 UTC 2022,25276
Thu Jun 23 02:01:42 UTC 2022,25282
Fri Jun 24 02:06:20 UTC 2022,25290
Sat Jun 25 02:10:20 UTC 2022,25295
Sun Jun 26 02:18:14 UTC 2022,25298
Mon Jun 27 02:07:05 UTC 2022,25312
Tue Jun 28 02:05:08 UTC 2022,25336
Wed Jun 29 02:12:58 UTC 2022,25355
Thu Jun 30 02:11:00 UTC 2022,25376
Fri Jul  1 02:26:06 UTC 2022,25393
Sat Jul  2 02:06:58 UTC 2022,25436
Sun Jul  3 02:12:37 UTC 2022,25467
Mon Jul  4 02:20:51 UTC 2022,25492
Tue Jul  5 02:10:52 UTC 2022,25519
Wed Jul  6 02:23:22 UTC 2022,25549
Thu Jul  7 02:20:24 UTC 2022,25581
Fri Jul  8 02:19:57 UTC 2022,25611
Sat Jul  9 02:00:21 UTC 2022,25648
Sun Jul 10 02:22:59 UTC 2022,25676
Mon Jul 11 02:09:14 UTC 2022,25698
Tue Jul 12 02:22:23 UTC 2022,25718
Wed Jul 13 02:09:54 UTC 2022,25744
Thu Jul 14 02:22:22 UTC 2022,25765
Fri Jul 15 02:28:06 UTC 2022,25906
Sat Jul 16 02:09:22 UTC 2022,25929
Sun Jul 17 02:18:55 UTC 2022,25954
Mon Jul 18 02:18:58 UTC 2022,25966
Tue Jul 19 02:26:43 UTC 2022,26006
Wed Jul 20 02:10:18 UTC 2022,26002
Thu Jul 21 02:12:39 UTC 2022,26086
Fri Jul 22 02:15:02 UTC 2022,26172
Sat Jul 23 02:15:30 UTC 2022,26240
Sun Jul 24 02:20:59 UTC 2022,26287
Mon Jul 25 02:10:44 UTC 2022,26393
Tue Jul 26 02:26:03 UTC 2022,26540
Wed Jul 27 02:22:31 UTC 2022,26588
Thu Jul 28 02:10:26 UTC 2022,26658
Fri Jul 29 02:24:21 UTC 2022,26739
Sat Jul 30 02:11:42 UTC 2022,26807
Sun Jul 31 02:27:46 UTC 2022,26872
Mon Aug  1 02:24:30 UTC 2022,26918
Tue Aug  2 02:29:18 UTC 2022,27005
Wed Aug  3 02:12:34 UTC 2022,27062
Thu Aug  4 02:04:58 UTC 2022,27107
Fri Aug  5 02:07:11 UTC 2022,27155
Sat Aug  6 02:05:29 UTC 2022,27232
Sun Aug  7 02:17:18 UTC 2022,27304
Mon Aug  8 02:04:19 UTC 2022,27354
Tue Aug  9 02:18:21 UTC 2022,27395
Wed Aug 10 01:54:36 UTC 2022,27458
Thu Aug 11 01:58:12 UTC 2022,27519
Fri Aug 12 02:09:14 UTC 2022,27592
Sat Aug 13 01:57:48 UTC 2022,27649
Sun Aug 14 02:21:33 UTC 2022,27691
Mon Aug 15 02:21:33 UTC 2022,27747
Tue Aug 16 02:17:52 UTC 2022,27813
Wed Aug 17 02:28:30 UTC 2022,27886
Thu Aug 18 02:30:37 UTC 2022,27933
Fri Aug 19 02:22:51 UTC 2022,27976
Sat Aug 20 02:20:17 UTC 2022,28025
Sun Aug 21 02:14:24 UTC 2022,28073
Mon Aug 22 02:17:14 UTC 2022,28123
Tue Aug 23 02:25:46 UTC 2022,28183
Wed Aug 24 02:24:08 UTC 2022,28255
Thu Aug 25 02:27:46 UTC 2022,28297
Fri Aug 26 02:34:58 UTC 2022,28364
Sat Aug 27 02:28:07 UTC 2022,28425
Sun Aug 28 02:35:35 UTC 2022,28472
Mon Aug 29 02:33:22 UTC 2022,28525
Tue Aug 30 02:40:05 UTC 2022,28561
Wed Aug 31 02:44:38 UTC 2022,28633
Thu Sep  1 02:25:26 UTC 2022,28673
Fri Sep  2 02:30:20 UTC 2022,28724
Sat Sep  3 02:33:30 UTC 2022,28789
Sun Sep  4 02:28:27 UTC 2022,28871
Mon Sep  5 02:31:51 UTC 2022,28904
Tue Sep  6 02:37:56 UTC 2022,29018
Wed Sep  7 02:37:23 UTC 2022,29059
Thu Sep  8 02:35:22 UTC 2022,29103
Fri Sep  9 02:35:32 UTC 2022,29176
Sat Sep 10 02:36:34 UTC 2022,29211
Sun Sep 11 02:37:53 UTC 2022,29249
Mon Sep 12 02:41:37 UTC 2022,29303
Tue Sep 13 02:37:06 UTC 2022,29352
Wed Sep 14 02:34:52 UTC 2022,29415
Thu Sep 15 02:44:16 UTC 2022,29456
Fri Sep 16 02:43:44 UTC 2022,29495
Sat Sep 17 02:29:30 UTC 2022,29531
Sun Sep 18 02:49:40 UTC 2022,29563
Mon Sep 19 02:42:50 UTC 2022,29597
Tue Sep 20 02:32:28 UTC 2022,29631
Wed Sep 21 02:44:14 UTC 2022,29693
Thu Sep 22 02:31:08 UTC 2022,29743
Fri Sep 23 02:38:12 UTC 2022,29785
Sat Sep 24 02:41:08 UTC 2022,29833
Sun Sep 25 02:38:26 UTC 2022,29884
Mon Sep 26 02:40:35 UTC 2022,29928
Tue Sep 27 02:30:05 UTC 2022,29959
Wed Sep 28 02:33:08 UTC 2022,29998
Thu Sep 29 02:39:29 UTC 2022,30029
Fri Sep 30 02:54:04 UTC 2022,30068
Sat Oct  1 02:50:46 UTC 2022,30099
Sun Oct  2 02:43:57 UTC 2022,30138
Mon Oct  3 02:08:17 UTC 2022,30228
Tue Oct  4 02:20:56 UTC 2022,30299
Wed Oct  5 02:21:35 UTC 2022,30371
Thu Oct  6 02:13:08 UTC 2022,30427
Fri Oct  7 02:29:36 UTC 2022,30472
Sat Oct  8 02:07:26 UTC 2022,30541
Sun Oct  9 02:32:52 UTC 2022,30600
Mon Oct 10 02:33:47 UTC 2022,30657
Tue Oct 11 02:28:43 UTC 2022,30700
Wed Oct 12 02:40:19 UTC 2022,30747
Thu Oct 13 02:33:44 UTC 2022,30830
Fri Oct 14 02:44:44 UTC 2022,30900
Sat Oct 15 02:39:57 UTC 2022,30932
Sun Oct 16 02:45:40 UTC 2022,30978
Mon Oct 17 02:48:05 UTC 2022,31045
Tue Oct 18 02:38:38 UTC 2022,31107
Wed Oct 19 02:34:42 UTC 2022,31149
Thu Oct 20 02:36:43 UTC 2022,31201
Fri Oct 21 02:06:51 UTC 2022,31244
Sat Oct 22 02:25:06 UTC 2022,31352
Sun Oct 23 02:35:44 UTC 2022,31402
Mon Oct 24 02:48:41 UTC 2022,31451
Tue Oct 25 02:42:09 UTC 2022,31508
Wed Oct 26 02:20:01 UTC 2022,31547
Thu Oct 27 02:13:10 UTC 2022,31581
Fri Oct 28 02:25:16 UTC 2022,31634
Sat Oct 29 02:06:30 UTC 2022,31678
Sun Oct 30 02:30:26 UTC 2022,31716
Mon Oct 31 02:28:36 UTC 2022,31749
Tue Nov  1 02:34:57 UTC 2022,31790
Wed Nov  2 02:25:00 UTC 2022,31842
Thu Nov  3 02:06:33 UTC 2022,31897
Fri Nov  4 02:11:41 UTC 2022,31953
Sat Nov  5 02:04:22 UTC 2022,32027
Sun Nov  6 02:08:18 UTC 2022,32057
Mon Nov  7 02:02:00 UTC 2022,32096
Tue Nov  8 02:01:49 UTC 2022,32144
Wed Nov  9 02:14:14 UTC 2022,32205
Thu Nov 10 02:06:00 UTC 2022,32264
Fri Nov 11 02:05:55 UTC 2022,32322
Sat Nov 12 02:01:00 UTC 2022,32370
Sun Nov 13 02:01:12 UTC 2022,32432
Mon Nov 14 01:59:31 UTC 2022,32493
Tue Nov 15 01:57:48 UTC 2022,32532
Wed Nov 16 01:58:25 UTC 2022,32575
Thu Nov 17 01:57:38 UTC 2022,32613
Fri Nov 18 02:01:54 UTC 2022,32669
Sat Nov 19 01:54:42 UTC 2022,32732
Sun Nov 20 02:02:54 UTC 2022,32770
Mon Nov 21 01:58:56 UTC 2022,32818
Tue Nov 22 02:00:06 UTC 2022,32905
Wed Nov 23 01:47:35 UTC 2022,32950
Thu Nov 24 01:50:46 UTC 2022,33017
Fri Nov 25 01:47:15 UTC 2022,33050
Sat Nov 26 01:42:38 UTC 2022,33130
Sun Nov 27 01:52:10 UTC 2022,33222
Mon Nov 28 01:45:41 UTC 2022,33294
Tue Nov 29 01:45:09 UTC 2022,33347
Wed Nov 30 01:46:16 UTC 2022,33465
Thu Dec  1 01:58:06 UTC 2022,33546
Fri Dec  2 01:38:13 UTC 2022,33604
Sat Dec  3 01:34:08 UTC 2022,33653
Sun Dec  4 01:40:38 UTC 2022,33720
Mon Dec  5 01:39:34 UTC 2022,33771
Tue Dec  6 01:37:19 UTC 2022,33793
Wed Dec  7 01:42:42 UTC 2022,33840
Thu Dec  8 01:38:27 UTC 2022,33890
Fri Dec  9 01:42:03 UTC 2022,33957
Sat Dec 10 01:35:15 UTC 2022,33994
Sun Dec 11 01:46:24 UTC 2022,34042
Mon Dec 12 01:42:12 UTC 2022,34095
Tue Dec 13 01:44:17 UTC 2022,34137
Wed Dec 14 01:40:54 UTC 2022,34220
Thu Dec 15 01:42:59 UTC 2022,34282
Fri Dec 16 01:32:46 UTC 2022,34344
Sat Dec 17 01:25:36 UTC 2022,34383
Sun Dec 18 01:34:04 UTC 2022,34411
Mon Dec 19 01:25:51 UTC 2022,34462
Tue Dec 20 01:35:34 UTC 2022,34501
Wed Dec 21 01:25:47 UTC 2022,34538
Thu Dec 22 01:33:55 UTC 2022,34561
Fri Dec 23 01:33:33 UTC 2022,34605
Sat Dec 24 01:22:27 UTC 2022,
Sun Dec 25 01:38:18 UTC 2022,34735
Mon Dec 26 01:34:29 UTC 2022,34775
Tue Dec 27 01:33:31 UTC 2022,34817
Wed Dec 28 01:33:52 UTC 2022,34842
Thu Dec 29 01:35:56 UTC 2022,34871
Fri Dec 30 01:36:23 UTC 2022,
Sat Dec 31 01:27:09 UTC 2022,34950
Sun Jan  1 01:49:04 UTC 2023,34977
Mon Jan  2 01:34:39 UTC 2023,35019
Tue Jan  3 01:34:04 UTC 2023,
Wed Jan  4 01:36:31 UTC 2023,35098
Thu Jan  5 01:39:41 UTC 2023,35140
Fri Jan  6 01:39:51 UTC 2023,35192
Sat Jan  7 01:35:29 UTC 2023,35242
Sun Jan  8 01:42:39 UTC 2023,35279
Mon Jan  9 01:35:54 UTC 2023,
Tue Jan 10 01:41:33 UTC 2023,35368
Wed Jan 11 01:39:03 UTC 2023,35406
Thu Jan 12 01:39:25 UTC 2023,35463
Fri Jan 13 01:41:51 UTC 2023,35513
Sat Jan 14 01:30:15 UTC 2023,35559
Sun Jan 15 01:42:21 UTC 2023,35627
Mon Jan 16 01:37:09 UTC 2023,35669
Tue Jan 17 01:36:59 UTC 2023,
Wed Jan 18 01:39:59 UTC 2023,35770
Thu Jan 19 01:42:33 UTC 2023,35828
Fri Jan 20 01:40:15 UTC 2023,35898
Sat Jan 21 01:36:54 UTC 2023,35947
Sun Jan 22 01:42:45 UTC 2023,35997
Mon Jan 23 01:37:24 UTC 2023,36032
Tue Jan 24 01:38:45 UTC 2023,36067
Wed Jan 25 01:35:40 UTC 2023,36119
Thu Jan 26 01:38:45 UTC 2023,
Fri Jan 27 01:41:41 UTC 2023,36184
Sat Jan 28 01:39:39 UTC 2023,36237
Sun Jan 29 01:43:32 UTC 2023,36272
Mon Jan 30 01:34:20 UTC 2023,36307
Tue Jan 31 01:42:38 UTC 2023,36352
Wed Feb  1 01:51:01 UTC 2023,
Thu Feb  2 01:41:28 UTC 2023,36444
Fri Feb  3 01:43:02 UTC 2023,
Sat Feb  4 01:37:13 UTC 2023,36519
Sun Feb  5 01:46:12 UTC 2023,36555
Mon Feb  6 01:36:41 UTC 2023,36598
Tue Feb  7 01:37:49 UTC 2023,36640
Wed Feb  8 01:42:00 UTC 2023,36692
Thu Feb  9 01:41:08 UTC 2023,36746
Fri Feb 10 01:46:22 UTC 2023,36802
Sat Feb 11 01:34:54 UTC 2023,36842
Sun Feb 12 01:43:51 UTC 2023,36901
Mon Feb 13 01:44:25 UTC 2023,36943
Tue Feb 14 01:44:25 UTC 2023,
Wed Feb 15 01:44:11 UTC 2023,37013
Thu Feb 16 01:44:09 UTC 2023,37045
Fri Feb 17 01:46:25 UTC 2023,37077
Sat Feb 18 01:40:44 UTC 2023,37117
Sun Feb 19 01:44:17 UTC 2023,37157
Mon Feb 20 01:44:17 UTC 2023,37196
Tue Feb 21 01:45:29 UTC 2023,37230
Wed Feb 22 01:41:45 UTC 2023,37259
Thu Feb 23 01:39:27 UTC 2023,
Fri Feb 24 01:41:21 UTC 2023,37341
Sat Feb 25 01:42:36 UTC 2023,37378
Sun Feb 26 01:50:54 UTC 2023,37423
Mon Feb 27 01:44:02 UTC 2023,37467
Tue Feb 28 01:43:38 UTC 2023,37491
Wed Mar  1 01:52:51 UTC 2023,37542
Thu Mar  2 01:49:08 UTC 2023,37577
Fri Mar  3 03:29:22 UTC 2023,37632
Sat Mar  4 01:40:46 UTC 2023,37695
Sun Mar  5 01:56:00 UTC 2023,37761
Mon Mar  6 01:45:52 UTC 2023,37794
Tue Mar  7 01:50:38 UTC 2023,37827
Wed Mar  8 01:48:14 UTC 2023,37860
Thu Mar  9 01:48:24 UTC 2023,37915
Fri Mar 10 01:48:21 UTC 2023,37933
Sat Mar 11 01:26:05 UTC 2023,37972
Sun Mar 12 01:45:22 UTC 2023,38005
Mon Mar 13 01:38:00 UTC 2023,38060
Tue Mar 14 01:20:23 UTC 2023,38104
Wed Mar 15 01:37:11 UTC 2023,38149
Thu Mar 16 01:37:39 UTC 2023,38180
Fri Mar 17 01:35:54 UTC 2023,38198
Sat Mar 18 01:35:04 UTC 2023,38228
Sun Mar 19 01:46:04 UTC 2023,38251
Mon Mar 20 01:39:21 UTC 2023,38271
Tue Mar 21 01:24:36 UTC 2023,38290
Wed Mar 22 01:25:56 UTC 2023,38329
Thu Mar 23 01:25:33 UTC 2023,38366
Fri Mar 24 01:25:35 UTC 2023,38409
Sat Mar 25 01:23:42 UTC 2023,38446
Sun Mar 26 01:38:39 UTC 2023,38486
Mon Mar 27 01:24:57 UTC 2023,38514
Tue Mar 28 01:34:53 UTC 2023,38555
Wed Mar 29 01:41:38 UTC 2023,38576
Thu Mar 30 01:34:52 UTC 2023,38604
Fri Mar 31 01:33:19 UTC 2023,38638
Sat Apr  1 01:26:28 UTC 2023,38678
Sun Apr  2 01:33:14 UTC 2023,38718
Mon Apr  3 01:21:53 UTC 2023,38747
Tue Apr  4 01:33:38 UTC 2023,38795
Wed Apr  5 01:11:42 UTC 2023,38832
Thu Apr  6 01:22:04 UTC 2023,38863
Fri Apr  7 01:18:53 UTC 2023,38906
Sat Apr  8 01:19:45 UTC 2023,38969
Sun Apr  9 01:25:16 UTC 2023,39014
Mon Apr 10 01:22:06 UTC 2023,39045
Tue Apr 11 01:23:04 UTC 2023,39071
Wed Apr 12 01:23:26 UTC 2023,39102
Thu Apr 13 01:21:29 UTC 2023,39139
Fri Apr 14 01:22:50 UTC 2023,39161
Sat Apr 15 01:25:12 UTC 2023,39217
Sun Apr 16 01:35:09 UTC 2023,39246
Mon Apr 17 01:24:13 UTC 2023,39276
Tue Apr 18 01:22:51 UTC 2023,39305
Wed Apr 19 01:25:00 UTC 2023,39339
Thu Apr 20 01:21:58 UTC 2023,39383
Fri Apr 21 01:22:52 UTC 2023,39414
Sat Apr 22 01:24:20 UTC 2023,39461
Sun Apr 23 01:40:06 UTC 2023,39493
Mon Apr 24 01:25:35 UTC 2023,39513
Tue Apr 25 01:25:28 UTC 2023,39548
Wed Apr 26 01:23:52 UTC 2023,39572
Thu Apr 27 01:24:59 UTC 2023,39615
Fri Apr 28 01:25:54 UTC 2023,39648
Sat Apr 29 01:23:41 UTC 2023,39672
Sun Apr 30 01:34:01 UTC 2023,39705
Mon May  1 01:33:33 UTC 2023,39741
Tue May  2 01:24:46 UTC 2023,39797
Wed May  3 01:25:09 UTC 2023,39833
Thu May  4 01:22:58 UTC 2023,39850
Fri May  5 01:18:08 UTC 2023,39870
Sat May  6 01:19:49 UTC 2023,39902
Sun May  7 01:36:08 UTC 2023,39934
Mon May  8 01:23:05 UTC 2023,39957
Tue May  9 01:24:58 UTC 2023,39990
Wed May 10 01:22:22 UTC 2023,40012
Thu May 11 01:24:00 UTC 2023,40037
Fri May 12 01:23:14 UTC 2023,40071
Sat May 13 01:22:12 UTC 2023,40107
Sun May 14 01:35:22 UTC 2023,40142
Mon May 15 01:26:28 UTC 2023,40171
Tue May 16 01:26:16 UTC 2023,40211
Wed May 17 01:34:21 UTC 2023,40248
Thu May 18 01:24:48 UTC 2023,40290
Fri May 19 01:25:28 UTC 2023,40316
Sat May 20 01:23:07 UTC 2023,40349
Sun May 21 01:38:09 UTC 2023,40375
Mon May 22 01:36:59 UTC 2023,40398
Tue May 23 01:25:52 UTC 2023,40440
Wed May 24 01:36:19 UTC 2023,40473
Thu May 25 01:25:22 UTC 2023,40495
Fri May 26 01:25:35 UTC 2023,40534
Sat May 27 01:26:01 UTC 2023,40560
Sun May 28 01:42:56 UTC 2023,40585
Mon May 29 01:36:31 UTC 2023,40629
Tue May 30 01:37:08 UTC 2023,40652
Wed May 31 01:48:45 UTC 2023,40687
Thu Jun  1 02:06:28 UTC 2023,40717
Fri Jun  2 01:48:52 UTC 2023,40745
Sat Jun  3 01:45:36 UTC 2023,40777
Sun Jun  4 02:02:53 UTC 2023,40796
Mon Jun  5 01:49:02 UTC 2023,40822
Tue Jun  6 01:50:21 UTC 2023,40833
Wed Jun  7 01:51:36 UTC 2023,40855
Thu Jun  8 01:49:06 UTC 2023,40916
Fri Jun  9 01:49:07 UTC 2023,40946
Sat Jun 10 01:39:56 UTC 2023,40979
Sun Jun 11 01:56:49 UTC 2023,41010
Mon Jun 12 01:49:03 UTC 2023,41034
Tue Jun 13 01:42:45 UTC 2023,41058
Wed Jun 14 01:41:13 UTC 2023,41091
Thu Jun 15 01:40:07 UTC 2023,41129
Fri Jun 16 01:41:43 UTC 2023,41177
Sat Jun 17 01:37:32 UTC 2023,41208
Sun Jun 18 01:55:14 UTC 2023,41223
Mon Jun 19 01:41:46 UTC 2023,41258
Tue Jun 20 01:36:38 UTC 2023,41301
Wed Jun 21 01:38:15 UTC 2023,41325
Thu Jun 22 01:42:45 UTC 2023,41353
Fri Jun 23 01:52:40 UTC 2023,41381
Sat Jun 24 01:50:59 UTC 2023,41419
Sun Jun 25 02:03:57 UTC 2023,41454
Mon Jun 26 01:56:48 UTC 2023,41478
Tue Jun 27 01:54:41 UTC 2023,41506
Wed Jun 28 01:53:35 UTC 2023,41545
Thu Jun 29 01:49:09 UTC 2023,41566
Fri Jun 30 01:47:55 UTC 2023,41589
Sat Jul  1 01:58:55 UTC 2023,41620
Sun Jul  2 01:59:25 UTC 2023,41637
Mon Jul  3 01:53:02 UTC 2023,41660
Tue Jul  4 01:54:15 UTC 2023,41688
Wed Jul  5 01:52:06 UTC 2023,41715
Thu Jul  6 01:55:13 UTC 2023,41742
Fri Jul  7 01:52:46 UTC 2023,41771
Sat Jul  8 01:51:39 UTC 2023,41800
Sun Jul  9 02:01:54 UTC 2023,41814
Mon Jul 10 01:53:54 UTC 2023,41842
Tue Jul 11 01:45:02 UTC 2023,41865
Wed Jul 12 01:53:40 UTC 2023,41889
Thu Jul 13 01:55:47 UTC 2023,41942
Fri Jul 14 01:55:39 UTC 2023,41972
Sat Jul 15 01:54:10 UTC 2023,42000
Sun Jul 16 02:05:46 UTC 2023,42022
Mon Jul 17 01:58:35 UTC 2023,42045
Tue Jul 18 02:03:23 UTC 2023,42067
Wed Jul 19 02:51:39 UTC 2023,42107
Thu Jul 20 01:34:14 UTC 2023,42142
Fri Jul 21 01:35:44 UTC 2023,42160
Sat Jul 22 01:33:36 UTC 2023,42192
Sun Jul 23 01:40:39 UTC 2023,42223
Mon Jul 24 01:35:37 UTC 2023,42239
Tue Jul 25 01:45:01 UTC 2023,42268
Wed Jul 26 01:36:46 UTC 2023,42292
Thu Jul 27 01:19:47 UTC 2023,42312
Fri Jul 28 01:20:18 UTC 2023,42357
Sat Jul 29 01:21:13 UTC 2023,42373
Sun Jul 30 01:25:04 UTC 2023,42392
Mon Jul 31 01:24:24 UTC 2023,42408
Tue Aug  1 01:38:54 UTC 2023,42438
Wed Aug  2 01:20:08 UTC 2023,42464
Thu Aug  3 01:22:15 UTC 2023,42480
Fri Aug  4 01:23:23 UTC 2023,42513
Sat Aug  5 01:19:47 UTC 2023,42535
Sun Aug  6 01:17:28 UTC 2023,42567
Mon Aug  7 01:22:54 UTC 2023,42592
Tue Aug  8 01:20:14 UTC 2023,42612
Wed Aug  9 01:23:59 UTC 2023,42634
Thu Aug 10 01:24:09 UTC 2023,42667
Fri Aug 11 01:08:57 UTC 2023,42683
Sat Aug 12 01:08:11 UTC 2023,42705
Sun Aug 13 01:13:00 UTC 2023,42729
Mon Aug 14 01:10:18 UTC 2023,42767
Tue Aug 15 01:09:34 UTC 2023,42795
Wed Aug 16 01:09:20 UTC 2023,42886
Thu Aug 17 01:08:21 UTC 2023,42909
Fri Aug 18 01:09:14 UTC 2023,42946
Sat Aug 19 01:07:16 UTC 2023,43002
Sun Aug 20 01:12:32 UTC 2023,43018
Mon Aug 21 01:09:28 UTC 2023,43042
Tue Aug 22 01:10:33 UTC 2023,43066
Wed Aug 23 01:09:35 UTC 2023,43093
Thu Aug 24 01:09:21 UTC 2023,43121
Fri Aug 25 01:11:04 UTC 2023,43139
Sat Aug 26 01:08:07 UTC 2023,43159
Sun Aug 27 01:14:22 UTC 2023,43192
Mon Aug 28 01:11:35 UTC 2023,43211
Tue Aug 29 01:11:30 UTC 2023,43235
Wed Aug 30 01:11:08 UTC 2023,43246
Thu Aug 31 01:11:30 UTC 2023,43278
Fri Sep  1 01:15:57 UTC 2023,43338
Sat Sep  2 01:08:46 UTC 2023,43381
Sun Sep  3 01:14:44 UTC 2023,43423
Mon Sep  4 01:12:05 UTC 2023,43446
Tue Sep  5 01:10:02 UTC 2023,43482
Wed Sep  6 01:11:17 UTC 2023,43524
Thu Sep  7 01:11:37 UTC 2023,43555
Fri Sep  8 01:11:54 UTC 2023,43613
Sat Sep  9 01:09:16 UTC 2023,43642
Sun Sep 10 01:15:24 UTC 2023,43667
Mon Sep 11 01:12:32 UTC 2023,43680
Tue Sep 12 01:09:56 UTC 2023,43705
Wed Sep 13 01:12:49 UTC 2023,43728
Thu Sep 14 01:10:53 UTC 2023,43751
Fri Sep 15 01:12:43 UTC 2023,43779
