Wed May 20 03:20:30 UTC 2020,4938
Wed May 20 12:01:48 UTC 2020,4968
Thu May 21 00:09:16 UTC 2020,5029
Thu May 21 12:01:43 UTC 2020,5076
Fri May 22 00:04:29 UTC 2020,5133
Fri May 22 12:01:35 UTC 2020,5172
Sat May 23 00:06:28 UTC 2020,5215
Sat May 23 12:03:03 UTC 2020,5253
Sun May 24 00:11:29 UTC 2020,5305
Sun May 24 12:05:43 UTC 2020,5357
Mon May 25 00:06:24 UTC 2020,5438
Mon May 25 12:03:08 UTC 2020,5483
Tue May 26 00:06:21 UTC 2020,5534
Tue May 26 12:03:14 UTC 2020,5574
Wed May 27 00:06:43 UTC 2020,5611
Wed May 27 12:03:18 UTC 2020,5644
Thu May 28 00:07:27 UTC 2020,5696
Thu May 28 12:02:54 UTC 2020,5736
Fri May 29 00:04:58 UTC 2020,5776
Fri May 29 12:02:34 UTC 2020,5819
Sat May 30 00:06:11 UTC 2020,5867
Sat May 30 12:02:32 UTC 2020,5896
Sun May 31 00:05:04 UTC 2020,5958
Sun May 31 12:02:34 UTC 2020,5995
Mon Jun  1 00:05:34 UTC 2020,6026
Mon Jun  1 12:02:54 UTC 2020,6059
Tue Jun  2 00:05:07 UTC 2020,6120
Tue Jun  2 12:02:39 UTC 2020,6151
Wed Jun  3 00:05:18 UTC 2020,6204
Wed Jun  3 12:02:43 UTC 2020,6234
Thu Jun  4 00:05:55 UTC 2020,6277
Thu Jun  4 12:02:37 UTC 2020,6321
Fri Jun  5 00:06:40 UTC 2020,6360
Fri Jun  5 12:02:29 UTC 2020,6385
Sat Jun  6 00:08:19 UTC 2020,6454
Sat Jun  6 12:06:17 UTC 2020,6488
Sun Jun  7 00:10:38 UTC 2020,6529
Sun Jun  7 12:02:49 UTC 2020,6557
Mon Jun  8 00:06:07 UTC 2020,6604
Mon Jun  8 12:03:05 UTC 2020,6642
Tue Jun  9 00:05:08 UTC 2020,6679
Tue Jun  9 12:02:40 UTC 2020,6708
Wed Jun 10 00:05:48 UTC 2020,6790
Wed Jun 10 12:02:30 UTC 2020,6828
Thu Jun 11 00:05:44 UTC 2020,6892
Thu Jun 11 12:02:43 UTC 2020,6936
Fri Jun 12 00:05:30 UTC 2020,6982
Fri Jun 12 12:02:42 UTC 2020,7016
Sat Jun 13 00:05:22 UTC 2020,7065
Sat Jun 13 12:02:34 UTC 2020,7093
Sun Jun 14 00:05:54 UTC 2020,7136
Sun Jun 14 12:02:43 UTC 2020,7153
Mon Jun 15 00:05:26 UTC 2020,7182
Mon Jun 15 12:02:42 UTC 2020,7255
Tue Jun 16 00:05:36 UTC 2020,7311
Tue Jun 16 12:02:45 UTC 2020,7354
Wed Jun 17 00:05:28 UTC 2020,7401
Wed Jun 17 12:02:48 UTC 2020,7428
Thu Jun 18 00:05:46 UTC 2020,7472
Thu Jun 18 12:02:52 UTC 2020,7513
Fri Jun 19 00:05:53 UTC 2020,7559
Fri Jun 19 12:02:43 UTC 2020,7594
Sat Jun 20 00:05:21 UTC 2020,7649
Sat Jun 20 12:02:53 UTC 2020,7713
Sun Jun 21 00:05:45 UTC 2020,7759
Sun Jun 21 12:02:39 UTC 2020,7786
Mon Jun 22 00:05:27 UTC 2020,7826
Mon Jun 22 12:02:49 UTC 2020,7853
Tue Jun 23 00:05:39 UTC 2020,7893
Tue Jun 23 12:02:39 UTC 2020,7922
Wed Jun 24 00:06:35 UTC 2020,7963
Wed Jun 24 12:02:41 UTC 2020,7990
Thu Jun 25 00:05:44 UTC 2020,8031
Thu Jun 25 12:02:32 UTC 2020,8047
Fri Jun 26 00:06:37 UTC 2020,8105
Fri Jun 26 12:03:13 UTC 2020,8131
Sat Jun 27 00:05:44 UTC 2020,8160
Sat Jun 27 12:02:29 UTC 2020,8181
Sun Jun 28 00:06:05 UTC 2020,8226
Sun Jun 28 12:02:48 UTC 2020,8254
Mon Jun 29 00:05:49 UTC 2020,8281
Mon Jun 29 12:02:48 UTC 2020,8310
Tue Jun 30 00:05:52 UTC 2020,8361
Tue Jun 30 12:02:57 UTC 2020,8398
Wed Jul  1 00:07:14 UTC 2020,8436
Wed Jul  1 12:03:31 UTC 2020,8459
Thu Jul  2 00:07:00 UTC 2020,8494
Thu Jul  2 12:03:38 UTC 2020,8528
Fri Jul  3 00:07:12 UTC 2020,8564
Fri Jul  3 12:03:30 UTC 2020,8590
Sat Jul  4 00:07:04 UTC 2020,8634
Sat Jul  4 12:03:08 UTC 2020,8681
Sun Jul  5 00:07:11 UTC 2020,8702
Sun Jul  5 12:03:07 UTC 2020,8725
Mon Jul  6 00:07:12 UTC 2020,8754
Mon Jul  6 12:03:32 UTC 2020,8780
Tue Jul  7 00:06:54 UTC 2020,8820
Tue Jul  7 12:03:08 UTC 2020,8845
Wed Jul  8 00:06:54 UTC 2020,8883
Wed Jul  8 12:03:04 UTC 2020,8903
Thu Jul  9 00:07:20 UTC 2020,8926
Thu Jul  9 12:03:11 UTC 2020,8967
Fri Jul 10 00:06:53 UTC 2020,8997
Fri Jul 10 12:03:43 UTC 2020,9030
Sat Jul 11 00:07:16 UTC 2020,9072
Sat Jul 11 12:03:22 UTC 2020,9095
Sun Jul 12 00:07:30 UTC 2020,9140
Sun Jul 12 12:03:07 UTC 2020,9171
Mon Jul 13 00:07:40 UTC 2020,9202
Mon Jul 13 12:03:20 UTC 2020,9224
Tue Jul 14 00:07:02 UTC 2020,9254
Tue Jul 14 12:03:24 UTC 2020,9280
Wed Jul 15 00:07:20 UTC 2020,9306
Wed Jul 15 12:03:05 UTC 2020,9341
Thu Jul 16 00:07:12 UTC 2020,9381
Thu Jul 16 12:03:21 UTC 2020,9404
Fri Jul 17 00:07:37 UTC 2020,9445
Fri Jul 17 12:03:51 UTC 2020,9474
Sat Jul 18 00:07:15 UTC 2020,9525
Sat Jul 18 12:03:34 UTC 2020,9547
Sun Jul 19 00:07:53 UTC 2020,9602
Sun Jul 19 12:03:21 UTC 2020,9630
Mon Jul 20 00:07:35 UTC 2020,9666
Mon Jul 20 12:03:28 UTC 2020,9704
Tue Jul 21 00:07:31 UTC 2020,9734
Tue Jul 21 12:03:39 UTC 2020,9761
Wed Jul 22 00:07:25 UTC 2020,9805
Wed Jul 22 12:03:29 UTC 2020,9834
Thu Jul 23 00:07:41 UTC 2020,9874
Thu Jul 23 12:03:39 UTC 2020,9897
Fri Jul 24 00:07:40 UTC 2020,9947
Fri Jul 24 12:03:51 UTC 2020,9965
Sat Jul 25 00:07:47 UTC 2020,9994
Sat Jul 25 12:03:39 UTC 2020,10011
Sun Jul 26 00:07:55 UTC 2020,10045
Sun Jul 26 12:03:59 UTC 2020,10071
Mon Jul 27 00:07:46 UTC 2020,10100
Mon Jul 27 12:03:48 UTC 2020,10120
Tue Jul 28 00:07:54 UTC 2020,10177
Tue Jul 28 12:03:36 UTC 2020,10202
Wed Jul 29 00:07:38 UTC 2020,10242
Wed Jul 29 12:03:46 UTC 2020,10282
Thu Jul 30 00:08:15 UTC 2020,10340
Thu Jul 30 12:04:13 UTC 2020,10369
Fri Jul 31 00:08:07 UTC 2020,10419
Fri Jul 31 12:04:11 UTC 2020,10442
Sat Aug  1 00:08:24 UTC 2020,10473
Sat Aug  1 12:04:04 UTC 2020,10493
Sun Aug  2 00:08:14 UTC 2020,10525
Sun Aug  2 12:04:43 UTC 2020,10564
Mon Aug  3 00:08:14 UTC 2020,10606
Mon Aug  3 12:03:56 UTC 2020,10638
Tue Aug  4 00:08:16 UTC 2020,10690
Tue Aug  4 12:04:00 UTC 2020,10736
Wed Aug  5 00:08:13 UTC 2020,10775
Wed Aug  5 12:03:51 UTC 2020,10808
Thu Aug  6 00:08:35 UTC 2020,10847
Thu Aug  6 12:04:05 UTC 2020,10876
Fri Aug  7 00:09:18 UTC 2020,10918
Fri Aug  7 12:04:25 UTC 2020,10943
Sat Aug  8 00:08:50 UTC 2020,10986
Sat Aug  8 12:04:08 UTC 2020,11036
Sun Aug  9 00:09:10 UTC 2020,11079
Sun Aug  9 12:04:31 UTC 2020,11103
Mon Aug 10 00:08:59 UTC 2020,11151
Mon Aug 10 12:04:12 UTC 2020,11193
Tue Aug 11 00:08:54 UTC 2020,11240
Tue Aug 11 12:04:05 UTC 2020,11266
Wed Aug 12 00:08:34 UTC 2020,11295
Wed Aug 12 12:05:10 UTC 2020,11319
Thu Aug 13 00:08:58 UTC 2020,11348
Thu Aug 13 12:04:02 UTC 2020,11374
Fri Aug 14 00:09:06 UTC 2020,11408
Fri Aug 14 12:04:41 UTC 2020,11436
Sat Aug 15 00:08:23 UTC 2020,11466
Sat Aug 15 12:03:51 UTC 2020,11495
Sun Aug 16 00:11:09 UTC 2020,11540
Sun Aug 16 12:03:57 UTC 2020,11570
Mon Aug 17 00:09:38 UTC 2020,11605
Mon Aug 17 12:04:03 UTC 2020,11638
Tue Aug 18 00:08:29 UTC 2020,11672
Tue Aug 18 12:04:00 UTC 2020,11685
Wed Aug 19 00:09:02 UTC 2020,11710
Wed Aug 19 12:04:11 UTC 2020,11753
Thu Aug 20 00:08:59 UTC 2020,11808
Thu Aug 20 12:04:06 UTC 2020,11839
Fri Aug 21 00:09:06 UTC 2020,11864
Fri Aug 21 12:04:58 UTC 2020,11881
Sat Aug 22 00:09:19 UTC 2020,11911
Sat Aug 22 12:07:59 UTC 2020,11927
Sun Aug 23 00:09:12 UTC 2020,11967
Sun Aug 23 12:04:41 UTC 2020,12030
Mon Aug 24 00:09:10 UTC 2020,12066
Mon Aug 24 12:04:21 UTC 2020,12091
Tue Aug 25 00:10:37 UTC 2020,12125
Tue Aug 25 12:04:41 UTC 2020,12148
Wed Aug 26 00:09:03 UTC 2020,12200
Wed Aug 26 12:04:37 UTC 2020,12229
Thu Aug 27 00:09:08 UTC 2020,12284
Thu Aug 27 12:04:37 UTC 2020,12308
Fri Aug 28 00:10:18 UTC 2020,12327
Fri Aug 28 12:05:31 UTC 2020,12341
Sat Aug 29 00:13:02 UTC 2020,12371
Sat Aug 29 12:06:41 UTC 2020,12399
Sun Aug 30 00:06:45 UTC 2020,12442
Sun Aug 30 12:02:37 UTC 2020,12470
Mon Aug 31 00:08:14 UTC 2020,12503
Mon Aug 31 12:02:24 UTC 2020,12539
Tue Sep  1 00:10:24 UTC 2020,12571
Tue Sep  1 12:04:41 UTC 2020,12591
Wed Sep  2 00:10:01 UTC 2020,12627
Wed Sep  2 12:04:54 UTC 2020,12663
Thu Sep  3 00:10:07 UTC 2020,12701
Thu Sep  3 12:04:58 UTC 2020,12723
Fri Sep  4 00:11:36 UTC 2020,12771
Fri Sep  4 12:07:43 UTC 2020,12795
Sat Sep  5 00:13:46 UTC 2020,12827
Sat Sep  5 12:09:30 UTC 2020,12859
Sun Sep  6 00:10:33 UTC 2020,12898
Sun Sep  6 12:05:03 UTC 2020,12919
Mon Sep  7 00:10:34 UTC 2020,12968
Mon Sep  7 12:05:02 UTC 2020,12994
Tue Sep  8 00:10:38 UTC 2020,13019
Tue Sep  8 12:04:59 UTC 2020,13039
Wed Sep  9 00:10:27 UTC 2020,13074
Wed Sep  9 12:05:04 UTC 2020,13092
Thu Sep 10 00:10:14 UTC 2020,13131
Thu Sep 10 12:04:52 UTC 2020,13157
Fri Sep 11 00:10:21 UTC 2020,13196
Fri Sep 11 12:08:09 UTC 2020,13227
Sat Sep 12 00:10:19 UTC 2020,13268
Sat Sep 12 12:05:10 UTC 2020,13312
Sun Sep 13 00:10:56 UTC 2020,13346
Sun Sep 13 12:04:57 UTC 2020,13381
Mon Sep 14 00:10:44 UTC 2020,13420
Mon Sep 14 12:04:56 UTC 2020,13438
Tue Sep 15 00:10:32 UTC 2020,13485
Tue Sep 15 12:04:46 UTC 2020,13520
Wed Sep 16 00:10:29 UTC 2020,13568
Wed Sep 16 12:05:12 UTC 2020,13605
Thu Sep 17 00:10:30 UTC 2020,13660
Thu Sep 17 12:05:27 UTC 2020,13699
Fri Sep 18 00:10:45 UTC 2020,13741
Fri Sep 18 12:07:28 UTC 2020,13760
Sat Sep 19 00:10:39 UTC 2020,13795
Sat Sep 19 12:05:09 UTC 2020,13827
Sun Sep 20 00:11:12 UTC 2020,13874
Sun Sep 20 12:05:14 UTC 2020,13901
Mon Sep 21 00:11:08 UTC 2020,13947
Mon Sep 21 12:05:13 UTC 2020,13986
Tue Sep 22 00:13:13 UTC 2020,14028
Tue Sep 22 12:05:20 UTC 2020,14047
Wed Sep 23 00:10:57 UTC 2020,14098
Wed Sep 23 12:05:11 UTC 2020,14130
Thu Sep 24 00:11:06 UTC 2020,14160
Thu Sep 24 12:05:06 UTC 2020,14170
Fri Sep 25 00:10:57 UTC 2020,14220
Fri Sep 25 12:07:42 UTC 2020,14247
Sat Sep 26 00:10:45 UTC 2020,14295
Sat Sep 26 12:05:07 UTC 2020,14322
Sun Sep 27 00:11:38 UTC 2020,14383
Sun Sep 27 12:05:10 UTC 2020,14413
Mon Sep 28 00:11:29 UTC 2020,14448
Mon Sep 28 12:05:10 UTC 2020,14477
Tue Sep 29 00:11:08 UTC 2020,14524
Tue Sep 29 12:05:21 UTC 2020,14548
Wed Sep 30 00:11:23 UTC 2020,14588
Wed Sep 30 12:05:16 UTC 2020,14624
Thu Oct  1 00:11:38 UTC 2020,14664
Thu Oct  1 12:05:24 UTC 2020,14700
Fri Oct  2 00:10:31 UTC 2020,14748
Fri Oct  2 12:07:43 UTC 2020,14767
Sat Oct  3 00:11:29 UTC 2020,14802
Sat Oct  3 12:05:03 UTC 2020,14827
Sun Oct  4 00:11:48 UTC 2020,14850
Sun Oct  4 12:05:17 UTC 2020,14883
Mon Oct  5 00:11:57 UTC 2020,14929
Mon Oct  5 12:05:32 UTC 2020,14951
Tue Oct  6 00:11:50 UTC 2020,15007
Tue Oct  6 12:05:38 UTC 2020,15038
Wed Oct  7 00:12:05 UTC 2020,15067
Wed Oct  7 12:05:40 UTC 2020,15087
Thu Oct  8 00:09:48 UTC 2020,15130
Thu Oct  8 12:05:49 UTC 2020,15156
Fri Oct  9 00:11:33 UTC 2020,15199
Fri Oct  9 12:07:58 UTC 2020,15225
Sat Oct 10 00:11:49 UTC 2020,15272
Sat Oct 10 12:05:48 UTC 2020,15307
Sun Oct 11 00:12:42 UTC 2020,15361
Sun Oct 11 12:05:39 UTC 2020,15387
Mon Oct 12 00:12:30 UTC 2020,15419
Mon Oct 12 12:05:56 UTC 2020,15456
Tue Oct 13 00:12:19 UTC 2020,15497
Tue Oct 13 12:05:50 UTC 2020,15523
Wed Oct 14 00:12:19 UTC 2020,15566
Wed Oct 14 12:06:02 UTC 2020,15582
Thu Oct 15 00:12:27 UTC 2020,15636
Thu Oct 15 12:06:04 UTC 2020,15663
Fri Oct 16 00:12:58 UTC 2020,15708
Fri Oct 16 12:08:04 UTC 2020,15737
Sat Oct 17 00:12:37 UTC 2020,15784
Sat Oct 17 12:05:44 UTC 2020,15819
Sun Oct 18 00:13:42 UTC 2020,15853
Sun Oct 18 12:05:34 UTC 2020,15871
Mon Oct 19 00:13:04 UTC 2020,15912
Mon Oct 19 12:06:06 UTC 2020,15932
Tue Oct 20 00:12:48 UTC 2020,15958
Tue Oct 20 12:06:09 UTC 2020,15986
Wed Oct 21 00:12:56 UTC 2020,16018
Wed Oct 21 12:06:06 UTC 2020,16036
Thu Oct 22 00:13:17 UTC 2020,16073
Thu Oct 22 12:06:10 UTC 2020,16099
Fri Oct 23 00:13:14 UTC 2020,16139
Fri Oct 23 12:08:28 UTC 2020,16169
Sat Oct 24 00:13:09 UTC 2020,16215
Sat Oct 24 12:06:03 UTC 2020,16237
Sun Oct 25 00:13:43 UTC 2020,16288
Sun Oct 25 12:06:14 UTC 2020,16322
Mon Oct 26 00:13:46 UTC 2020,16355
Mon Oct 26 12:06:19 UTC 2020,16379
Tue Oct 27 00:13:23 UTC 2020,16428
Tue Oct 27 12:06:26 UTC 2020,16454
Wed Oct 28 00:13:41 UTC 2020,16502
Wed Oct 28 12:06:38 UTC 2020,16530
Thu Oct 29 00:14:00 UTC 2020,16585
Thu Oct 29 12:06:50 UTC 2020,16619
Fri Oct 30 00:08:04 UTC 2020,16650
Fri Oct 30 12:04:04 UTC 2020,16669
Sat Oct 31 00:09:15 UTC 2020,16724
Sat Oct 31 12:08:04 UTC 2020,16746
Sun Nov  1 00:11:47 UTC 2020,16775
Sun Nov  1 12:13:12 UTC 2020,16798
Mon Nov  2 00:08:03 UTC 2020,16834
Mon Nov  2 12:04:46 UTC 2020,16866
Tue Nov  3 00:08:36 UTC 2020,16907
Tue Nov  3 12:04:22 UTC 2020,16928
Wed Nov  4 00:10:52 UTC 2020,16970
Wed Nov  4 12:08:18 UTC 2020,16992
Thu Nov  5 00:09:26 UTC 2020,17033
Thu Nov  5 12:10:34 UTC 2020,17049
Fri Nov  6 00:13:28 UTC 2020,17091
Fri Nov  6 12:04:22 UTC 2020,17104
Sat Nov  7 00:14:38 UTC 2020,17139
Sat Nov  7 12:04:39 UTC 2020,17159
Sun Nov  8 00:09:41 UTC 2020,17193
Sun Nov  8 12:05:48 UTC 2020,17214
Mon Nov  9 00:09:20 UTC 2020,17248
Mon Nov  9 12:04:46 UTC 2020,17267
Tue Nov 10 00:09:10 UTC 2020,17301
Tue Nov 10 12:03:52 UTC 2020,17326
Wed Nov 11 00:06:49 UTC 2020,17354
Wed Nov 11 12:04:01 UTC 2020,17385
Thu Nov 12 00:08:22 UTC 2020,17414
Thu Nov 12 12:04:16 UTC 2020,17439
Fri Nov 13 00:08:24 UTC 2020,17473
Fri Nov 13 12:04:20 UTC 2020,17496
Sat Nov 14 00:08:15 UTC 2020,17519
Sat Nov 14 12:04:26 UTC 2020,17535
Sun Nov 15 00:09:04 UTC 2020,17567
Sun Nov 15 12:04:30 UTC 2020,17578
Mon Nov 16 00:09:04 UTC 2020,17614
Mon Nov 16 12:04:19 UTC 2020,17631
Tue Nov 17 00:08:48 UTC 2020,17649
Tue Nov 17 12:04:11 UTC 2020,17667
Wed Nov 18 00:09:32 UTC 2020,17695
Wed Nov 18 12:04:14 UTC 2020,17724
Thu Nov 19 00:09:00 UTC 2020,17802
Thu Nov 19 12:05:26 UTC 2020,17872
Fri Nov 20 00:09:14 UTC 2020,17972
Fri Nov 20 12:04:46 UTC 2020,18021
Sat Nov 21 12:04:43 UTC 2020,18130
Sun Nov 22 00:12:24 UTC 2020,18185
Sun Nov 22 12:06:47 UTC 2020,18215
Mon Nov 23 00:09:42 UTC 2020,18279
Mon Nov 23 12:07:58 UTC 2020,18310
Tue Nov 24 00:09:34 UTC 2020,18384
Tue Nov 24 12:05:31 UTC 2020,18418
Wed Nov 25 00:09:38 UTC 2020,18463
Wed Nov 25 12:04:50 UTC 2020,18505
Thu Nov 26 00:09:23 UTC 2020,18552
Thu Nov 26 12:04:54 UTC 2020,18579
Fri Nov 27 00:10:02 UTC 2020,18621
Fri Nov 27 12:07:01 UTC 2020,18638
Sat Nov 28 00:10:03 UTC 2020,18672
Sat Nov 28 12:06:28 UTC 2020,18687
Sun Nov 29 00:10:22 UTC 2020,18746
Sun Nov 29 12:05:05 UTC 2020,18776
Mon Nov 30 00:10:33 UTC 2020,18815
Mon Nov 30 12:05:17 UTC 2020,18848
Tue Dec  1 00:10:43 UTC 2020,18900
Tue Dec  1 12:05:11 UTC 2020,18925
Wed Dec  2 00:10:27 UTC 2020,18970
Wed Dec  2 12:05:24 UTC 2020,19025
Thu Dec  3 00:10:31 UTC 2020,19077
Thu Dec  3 12:06:21 UTC 2020,19103
Fri Dec  4 00:10:27 UTC 2020,19137
Fri Dec  4 12:05:49 UTC 2020,19162
Sat Dec  5 00:10:43 UTC 2020,19206
Sat Dec  5 12:05:24 UTC 2020,19223
Sun Dec  6 00:11:18 UTC 2020,19262
Sun Dec  6 12:06:02 UTC 2020,19320
Mon Dec  7 00:11:10 UTC 2020,19350
Mon Dec  7 12:05:43 UTC 2020,19365
Tue Dec  8 00:11:00 UTC 2020,19399
Tue Dec  8 12:06:53 UTC 2020,19413
Wed Dec  9 00:11:02 UTC 2020,19445
Wed Dec  9 12:05:45 UTC 2020,19471
Thu Dec 10 00:11:05 UTC 2020,19512
Thu Dec 10 12:06:22 UTC 2020,19550
Fri Dec 11 00:11:24 UTC 2020,19579
Fri Dec 11 12:05:31 UTC 2020,19601
Sat Dec 12 00:11:10 UTC 2020,19656
Sat Dec 12 12:05:32 UTC 2020,19694
Sun Dec 13 00:11:44 UTC 2020,19749
Sun Dec 13 12:05:41 UTC 2020,19779
Mon Dec 14 00:11:32 UTC 2020,19811
Mon Dec 14 12:05:55 UTC 2020,19827
Tue Dec 15 00:11:32 UTC 2020,19875
Tue Dec 15 12:05:56 UTC 2020,19893
Wed Dec 16 00:11:44 UTC 2020,19928
Wed Dec 16 12:06:00 UTC 2020,19946
Thu Dec 17 00:13:14 UTC 2020,19990
Thu Dec 17 12:06:25 UTC 2020,20019
Fri Dec 18 00:12:55 UTC 2020,20051
Fri Dec 18 12:06:32 UTC 2020,20081
Sat Dec 19 00:12:55 UTC 2020,20125
Sat Dec 19 12:06:06 UTC 2020,20153
Sun Dec 20 00:12:15 UTC 2020,20195
Sun Dec 20 12:06:06 UTC 2020,20222
Mon Dec 21 00:14:38 UTC 2020,20287
Mon Dec 21 12:06:34 UTC 2020,20305
Tue Dec 22 00:16:23 UTC 2020,20341
Tue Dec 22 12:09:09 UTC 2020,20365
Wed Dec 23 00:18:18 UTC 2020,20388
Wed Dec 23 12:09:02 UTC 2020,20410
Thu Dec 24 00:21:28 UTC 2020,20446
Thu Dec 24 12:08:37 UTC 2020,20463
Fri Dec 25 00:18:30 UTC 2020,20489
Fri Dec 25 12:06:28 UTC 2020,20504
Sat Dec 26 00:16:39 UTC 2020,20539
Sat Dec 26 12:06:32 UTC 2020,20557
Sun Dec 27 00:17:46 UTC 2020,20577
Sun Dec 27 12:06:24 UTC 2020,20590
Mon Dec 28 00:18:27 UTC 2020,20631
Mon Dec 28 12:06:39 UTC 2020,20647
Tue Dec 29 00:19:43 UTC 2020,20690
Tue Dec 29 12:07:45 UTC 2020,20723
Wed Dec 30 00:21:00 UTC 2020,20766
Wed Dec 30 12:07:02 UTC 2020,20788
Thu Dec 31 00:22:48 UTC 2020,20842
Thu Dec 31 12:10:04 UTC 2020,20864
Fri Jan  1 00:21:51 UTC 2021,20885
Fri Jan  1 12:07:54 UTC 2021,20896
Sat Jan  2 00:21:19 UTC 2021,20915
Mon Jan  4 12:08:39 UTC 2021,21064
Tue Jan  5 00:23:57 UTC 2021,21107
Tue Jan  5 12:08:52 UTC 2021,21132
Wed Jan  6 00:24:17 UTC 2021,21172
Wed Jan  6 12:10:32 UTC 2021,21187
Thu Jan  7 00:27:31 UTC 2021,21227
Thu Jan  7 12:10:05 UTC 2021,21256
Fri Jan  8 00:26:54 UTC 2021,21301
Fri Jan  8 12:12:06 UTC 2021,21319
Sat Jan  9 00:26:49 UTC 2021,21353
Sat Jan  9 12:11:43 UTC 2021,21386
Sun Jan 10 00:27:50 UTC 2021,21428
Sun Jan 10 12:13:22 UTC 2021,21452
Mon Jan 11 00:27:24 UTC 2021,21483
Mon Jan 11 12:15:16 UTC 2021,21513
Tue Jan 12 00:31:12 UTC 2021,21555
Tue Jan 12 12:16:31 UTC 2021,21575
Wed Jan 13 00:37:07 UTC 2021,21611
Wed Jan 13 12:24:40 UTC 2021,21641
Thu Jan 14 00:44:31 UTC 2021,21678
Thu Jan 14 12:22:44 UTC 2021,21701
Fri Jan 15 00:39:55 UTC 2021,21725
Fri Jan 15 12:22:21 UTC 2021,21754
Sat Jan 16 00:42:56 UTC 2021,21806
Sat Jan 16 12:21:08 UTC 2021,21835
Sun Jan 17 00:39:36 UTC 2021,21879
Sun Jan 17 12:20:12 UTC 2021,21907
Mon Jan 18 00:38:55 UTC 2021,21935
Mon Jan 18 12:22:59 UTC 2021,21948
Tue Jan 19 00:42:41 UTC 2021,21983
Tue Jan 19 12:24:43 UTC 2021,21998
Wed Jan 20 00:44:11 UTC 2021,22030
Wed Jan 20 12:24:55 UTC 2021,22054
Thu Jan 21 00:43:32 UTC 2021,22073
Thu Jan 21 12:24:31 UTC 2021,22089
Fri Jan 22 00:41:10 UTC 2021,22132
Fri Jan 22 12:23:39 UTC 2021,22143
Sat Jan 23 00:41:52 UTC 2021,22169
Sat Jan 23 12:21:27 UTC 2021,22195
Sun Jan 24 00:40:11 UTC 2021,22224
Sun Jan 24 12:22:33 UTC 2021,22244
Mon Jan 25 00:40:41 UTC 2021,22271
Mon Jan 25 12:23:40 UTC 2021,22284
Tue Jan 26 00:14:50 UTC 2021,22316
Tue Jan 26 12:06:08 UTC 2021,22339
Wed Jan 27 00:13:47 UTC 2021,22376
Wed Jan 27 12:06:30 UTC 2021,22403
Thu Jan 28 00:14:43 UTC 2021,22434
Thu Jan 28 12:06:52 UTC 2021,22463
Fri Jan 29 00:14:38 UTC 2021,22500
Fri Jan 29 12:07:27 UTC 2021,22517
Sat Jan 30 00:13:24 UTC 2021,22548
Sat Jan 30 12:06:07 UTC 2021,22565
Sun Jan 31 00:13:56 UTC 2021,22602
Sun Jan 31 12:06:38 UTC 2021,22616
Mon Feb  1 00:15:15 UTC 2021,22651
Mon Feb  1 12:07:34 UTC 2021,22677
Tue Feb  2 00:14:46 UTC 2021,22706
Tue Feb  2 12:06:37 UTC 2021,22740
Wed Feb  3 00:14:10 UTC 2021,22778
Wed Feb  3 12:05:59 UTC 2021,22790
Thu Feb  4 00:10:12 UTC 2021,22817
Thu Feb  4 12:15:42 UTC 2021,22829
Fri Feb  5 00:10:06 UTC 2021,22852
Fri Feb  5 12:05:14 UTC 2021,22874
Sat Feb  6 00:09:50 UTC 2021,22899
Sat Feb  6 12:05:59 UTC 2021,22910
Sun Feb  7 00:10:46 UTC 2021,23064
Sun Feb  7 12:06:27 UTC 2021,23090
Mon Feb  8 00:11:48 UTC 2021,23126
Mon Feb  8 12:07:04 UTC 2021,23167
Tue Feb  9 00:09:55 UTC 2021,23202
Tue Feb  9 12:07:02 UTC 2021,23218
Wed Feb 10 00:13:39 UTC 2021,23250
Wed Feb 10 12:11:48 UTC 2021,23262
Thu Feb 11 00:13:41 UTC 2021,23289
Thu Feb 11 12:12:03 UTC 2021,23314
Fri Feb 12 00:10:01 UTC 2021,23335
Fri Feb 12 12:05:30 UTC 2021,23354
Sat Feb 13 00:10:07 UTC 2021,23396
Sat Feb 13 12:05:41 UTC 2021,23409
Sun Feb 14 00:10:38 UTC 2021,23437
Sun Feb 14 12:05:17 UTC 2021,23459
Mon Feb 15 00:10:12 UTC 2021,23481
Mon Feb 15 12:07:05 UTC 2021,23500
Tue Feb 16 00:10:14 UTC 2021,23524
Tue Feb 16 12:07:18 UTC 2021,23543
Wed Feb 17 00:11:45 UTC 2021,23570
Wed Feb 17 12:05:18 UTC 2021,23592
Thu Feb 18 00:10:32 UTC 2021,23615
Thu Feb 18 12:05:23 UTC 2021,23631
Fri Feb 19 00:10:14 UTC 2021,23651
Fri Feb 19 12:05:42 UTC 2021,23669
Sat Feb 20 00:09:59 UTC 2021,23697
Sat Feb 20 12:05:22 UTC 2021,23723
Sun Feb 21 00:10:46 UTC 2021,23757
Sun Feb 21 12:05:20 UTC 2021,23778
Mon Feb 22 00:10:34 UTC 2021,23803
Mon Feb 22 12:04:40 UTC 2021,23819
Tue Feb 23 00:10:16 UTC 2021,23840
Tue Feb 23 12:05:24 UTC 2021,23854
Wed Feb 24 00:10:29 UTC 2021,23881
Wed Feb 24 12:11:36 UTC 2021,23918
Thu Feb 25 00:10:09 UTC 2021,23947
Thu Feb 25 12:05:28 UTC 2021,23957
Fri Feb 26 00:10:25 UTC 2021,23984
Fri Feb 26 12:10:26 UTC 2021,23997
Sat Feb 27 00:10:31 UTC 2021,24031
Sat Feb 27 12:05:28 UTC 2021,24043
Sun Feb 28 00:11:08 UTC 2021,24089
Sun Feb 28 12:05:23 UTC 2021,24103
Mon Mar  1 00:11:11 UTC 2021,24121
Mon Mar  1 12:05:35 UTC 2021,24143
Tue Mar  2 00:08:58 UTC 2021,24174
Tue Mar  2 12:04:43 UTC 2021,24189
Wed Mar  3 00:10:20 UTC 2021,24208
Wed Mar  3 12:05:43 UTC 2021,24233
Thu Mar  4 00:10:29 UTC 2021,24257
Thu Mar  4 12:05:34 UTC 2021,24273
Fri Mar  5 00:10:38 UTC 2021,24326
Fri Mar  5 12:05:36 UTC 2021,24342
Sat Mar  6 00:10:26 UTC 2021,24375
Sat Mar  6 12:05:29 UTC 2021,24394
Sun Mar  7 00:11:18 UTC 2021,24440
Sun Mar  7 12:05:45 UTC 2021,24446
Mon Mar  8 00:10:49 UTC 2021,24468
Mon Mar  8 12:05:43 UTC 2021,24537
Tue Mar  9 00:10:43 UTC 2021,24594
Tue Mar  9 12:05:40 UTC 2021,24635
Wed Mar 10 00:10:50 UTC 2021,24667
Wed Mar 10 12:05:55 UTC 2021,24686
Thu Mar 11 00:10:44 UTC 2021,24714
Thu Mar 11 12:05:46 UTC 2021,24732
Fri Mar 12 00:10:42 UTC 2021,24773
Fri Mar 12 12:05:46 UTC 2021,24796
Sat Mar 13 00:10:46 UTC 2021,24816
Sat Mar 13 12:05:47 UTC 2021,24834
Sun Mar 14 00:11:16 UTC 2021,24898
Sun Mar 14 12:05:42 UTC 2021,24924
Mon Mar 15 00:11:42 UTC 2021,24950
Mon Mar 15 12:05:34 UTC 2021,24964
Tue Mar 16 00:10:38 UTC 2021,24987
Tue Mar 16 12:05:45 UTC 2021,25002
Wed Mar 17 00:10:51 UTC 2021,25033
Wed Mar 17 12:05:42 UTC 2021,25046
Thu Mar 18 00:10:52 UTC 2021,25075
Thu Mar 18 12:05:46 UTC 2021,25092
Fri Mar 19 00:11:11 UTC 2021,25124
Fri Mar 19 12:05:54 UTC 2021,25138
Sat Mar 20 00:10:51 UTC 2021,25168
Sat Mar 20 12:05:55 UTC 2021,25178
Sun Mar 21 00:11:34 UTC 2021,25217
Sun Mar 21 12:10:32 UTC 2021,25233
Mon Mar 22 00:11:05 UTC 2021,25250
Mon Mar 22 12:05:57 UTC 2021,25266
Tue Mar 23 00:10:57 UTC 2021,25289
Tue Mar 23 12:06:08 UTC 2021,25310
Wed Mar 24 00:11:16 UTC 2021,25333
Wed Mar 24 12:21:24 UTC 2021,25355
Thu Mar 25 00:43:38 UTC 2021,25387
Thu Mar 25 12:54:22 UTC 2021,25405
Fri Mar 26 00:29:09 UTC 2021,25429
Fri Mar 26 12:13:38 UTC 2021,25469
Sat Mar 27 00:31:08 UTC 2021,25524
Sat Mar 27 12:13:04 UTC 2021,25549
Sun Mar 28 00:32:34 UTC 2021,25595
Sun Mar 28 12:13:21 UTC 2021,25606
Mon Mar 29 00:32:44 UTC 2021,25637
Mon Mar 29 12:13:47 UTC 2021,25648
Tue Mar 30 00:30:58 UTC 2021,25668
Tue Mar 30 12:13:49 UTC 2021,25681
Wed Mar 31 00:27:42 UTC 2021,25726
Wed Mar 31 12:13:32 UTC 2021,25745
Thu Apr  1 00:32:45 UTC 2021,25783
Thu Apr  1 12:13:47 UTC 2021,25803
Fri Apr  2 00:41:08 UTC 2021,25830
Fri Apr  2 12:13:43 UTC 2021,25841
Sat Apr  3 00:31:50 UTC 2021,25873
Sat Apr  3 12:13:13 UTC 2021,25896
Sun Apr  4 00:33:58 UTC 2021,25918
Sun Apr  4 12:13:16 UTC 2021,25928
Mon Apr  5 00:34:34 UTC 2021,25945
Mon Apr  5 12:14:18 UTC 2021,25963
Tue Apr  6 00:33:32 UTC 2021,25989
Tue Apr  6 12:11:50 UTC 2021,26003
Wed Apr  7 00:32:54 UTC 2021,26037
Wed Apr  7 12:14:06 UTC 2021,26055
Thu Apr  8 00:35:52 UTC 2021,26099
Thu Apr  8 12:13:52 UTC 2021,26117
Fri Apr  9 00:30:46 UTC 2021,26141
Fri Apr  9 12:13:43 UTC 2021,26157
Sat Apr 10 00:33:18 UTC 2021,26179
Sat Apr 10 12:13:05 UTC 2021,26191
Sun Apr 11 00:35:40 UTC 2021,26218
Sun Apr 11 12:13:13 UTC 2021,26233
Mon Apr 12 00:34:39 UTC 2021,26251
Mon Apr 12 12:13:45 UTC 2021,26267
Tue Apr 13 00:34:48 UTC 2021,26307
Tue Apr 13 12:13:54 UTC 2021,26326
Wed Apr 14 00:30:54 UTC 2021,26349
Wed Apr 14 12:13:21 UTC 2021,26371
Thu Apr 15 00:32:38 UTC 2021,26389
Thu Apr 15 12:13:35 UTC 2021,26408
Fri Apr 16 00:31:06 UTC 2021,26436
Fri Apr 16 12:13:26 UTC 2021,26469
Sat Apr 17 00:31:42 UTC 2021,26532
Sat Apr 17 12:12:49 UTC 2021,26548
Sun Apr 18 00:33:15 UTC 2021,26581
Sun Apr 18 12:13:06 UTC 2021,26600
Mon Apr 19 00:33:12 UTC 2021,26620
Mon Apr 19 12:13:39 UTC 2021,26637
Tue Apr 20 00:32:35 UTC 2021,26658
Tue Apr 20 12:13:55 UTC 2021,26670
Wed Apr 21 00:32:19 UTC 2021,26691
Wed Apr 21 12:13:45 UTC 2021,26710
Thu Apr 22 00:33:36 UTC 2021,26736
Thu Apr 22 12:14:02 UTC 2021,26745
Fri Apr 23 00:32:50 UTC 2021,26780
Fri Apr 23 12:13:50 UTC 2021,26811
Sat Apr 24 00:33:42 UTC 2021,26856
Sat Apr 24 12:13:24 UTC 2021,26879
Sun Apr 25 00:34:42 UTC 2021,26899
Sun Apr 25 12:13:24 UTC 2021,26923
Mon Apr 26 00:34:44 UTC 2021,26942
Mon Apr 26 12:14:02 UTC 2021,26956
Tue Apr 27 00:31:56 UTC 2021,26974
Tue Apr 27 12:13:55 UTC 2021,26982
Wed Apr 28 00:32:34 UTC 2021,27007
Wed Apr 28 12:14:18 UTC 2021,27141
Thu Apr 29 00:31:59 UTC 2021,27165
Thu Apr 29 12:10:28 UTC 2021,27187
Fri Apr 30 00:22:09 UTC 2021,27213
Fri Apr 30 12:09:57 UTC 2021,27227
Sat May  1 00:23:28 UTC 2021,27253
Sat May  1 12:09:12 UTC 2021,27267
Sun May  2 00:26:30 UTC 2021,27284
Sun May  2 12:09:29 UTC 2021,27302
Mon May  3 00:24:42 UTC 2021,27320
Mon May  3 12:09:56 UTC 2021,27339
Tue May  4 00:18:37 UTC 2021,27358
Tue May  4 12:06:27 UTC 2021,27369
Wed May  5 00:12:17 UTC 2021,27388
Wed May  5 12:06:04 UTC 2021,27402
Thu May  6 00:12:35 UTC 2021,27425
Thu May  6 12:06:02 UTC 2021,27450
Fri May  7 00:12:38 UTC 2021,27474
Fri May  7 12:05:57 UTC 2021,27495
Sat May  8 00:13:09 UTC 2021,27516
Sat May  8 12:06:19 UTC 2021,27538
Sun May  9 00:14:52 UTC 2021,27554
Sun May  9 12:05:50 UTC 2021,27563
Mon May 10 00:13:34 UTC 2021,27584
Mon May 10 12:06:07 UTC 2021,27596
Tue May 11 00:13:28 UTC 2021,27617
Tue May 11 12:06:23 UTC 2021,27638
Wed May 12 00:13:58 UTC 2021,27674
Wed May 12 12:09:26 UTC 2021,27693
Thu May 13 00:24:34 UTC 2021,27733
Thu May 13 12:09:41 UTC 2021,27746
Fri May 14 00:24:35 UTC 2021,27765
Fri May 14 12:09:34 UTC 2021,27784
Sat May 15 00:23:25 UTC 2021,27816
Sat May 15 12:09:05 UTC 2021,27826
Sun May 16 00:25:48 UTC 2021,27852
Mon May 17 00:23:19 UTC 2021,27885
Mon May 17 12:09:59 UTC 2021,27895
Tue May 18 00:26:01 UTC 2021,27927
Tue May 18 12:09:57 UTC 2021,27939
Wed May 19 00:23:29 UTC 2021,27960
Wed May 19 12:09:55 UTC 2021,27970
Thu May 20 00:23:25 UTC 2021,27992
Thu May 20 12:10:09 UTC 2021,28016
Fri May 21 00:24:33 UTC 2021,28041
Fri May 21 12:10:06 UTC 2021,28052
Sat May 22 00:24:59 UTC 2021,28070
Sat May 22 12:09:03 UTC 2021,28082
Sun May 23 01:21:29 UTC 2021,28103
Mon May 24 01:18:34 UTC 2021,28144
Tue May 25 01:15:10 UTC 2021,28185
Wed May 26 01:33:19 UTC 2021,28223
Thu May 27 01:44:52 UTC 2021,28253
Fri May 28 01:54:00 UTC 2021,28287
Sat May 29 02:10:10 UTC 2021,28329
Sun May 30 02:24:43 UTC 2021,28358
Mon May 31 02:35:41 UTC 2021,28397
Tue Jun  1 03:04:11 UTC 2021,28431
Wed Jun  2 03:03:30 UTC 2021,28479
Thu Jun  3 02:38:29 UTC 2021,28528
Fri Jun  4 02:01:31 UTC 2021,28555
Sat Jun  5 01:45:22 UTC 2021,28595
Sun Jun  6 01:38:41 UTC 2021,28639
Mon Jun  7 01:39:13 UTC 2021,28658
Tue Jun  8 01:35:38 UTC 2021,28662
Wed Jun  9 01:10:58 UTC 2021,28665
Thu Jun 10 01:08:04 UTC 2021,28668
Fri Jun 11 01:02:12 UTC 2021,28671
Sat Jun 12 00:57:08 UTC 2021,28672
Sun Jun 13 01:03:45 UTC 2021,28673
Mon Jun 14 01:00:01 UTC 2021,28673
Tue Jun 15 01:05:18 UTC 2021,28674
Wed Jun 16 01:01:52 UTC 2021,28674
Thu Jun 17 00:59:47 UTC 2021,28674
Fri Jun 18 01:03:21 UTC 2021,28674
Sat Jun 19 01:01:55 UTC 2021,28675
Sun Jun 20 01:04:30 UTC 2021,28676
Mon Jun 21 01:06:21 UTC 2021,28676
Tue Jun 22 00:59:00 UTC 2021,28676
Wed Jun 23 00:54:31 UTC 2021,28677
Thu Jun 24 00:49:10 UTC 2021,28677
Fri Jun 25 01:07:19 UTC 2021,28677
Sat Jun 26 00:59:28 UTC 2021,28677
Sun Jun 27 01:09:07 UTC 2021,
Mon Jun 28 01:03:21 UTC 2021,28678
Tue Jun 29 00:59:25 UTC 2021,28678
Wed Jun 30 01:05:23 UTC 2021,28678
Thu Jul  1 01:05:35 UTC 2021,28678
Fri Jul  2 01:02:01 UTC 2021,28678
Sat Jul  3 01:00:03 UTC 2021,28679
Sun Jul  4 01:03:06 UTC 2021,28679
Mon Jul  5 01:00:33 UTC 2021,28679
Tue Jul  6 01:05:06 UTC 2021,28679
Wed Jul  7 01:05:13 UTC 2021,28679
Thu Jul  8 01:01:34 UTC 2021,28679
Fri Jul  9 01:03:05 UTC 2021,28679
Sat Jul 10 01:01:03 UTC 2021,28681
Sun Jul 11 01:08:04 UTC 2021,28682
Mon Jul 12 01:01:08 UTC 2021,28682
Tue Jul 13 01:04:06 UTC 2021,28682
Wed Jul 14 00:58:52 UTC 2021,28682
Thu Jul 15 01:03:37 UTC 2021,28682
Fri Jul 16 01:03:31 UTC 2021,28682
Sat Jul 17 01:01:09 UTC 2021,28682
Sun Jul 18 01:04:34 UTC 2021,28682
Mon Jul 19 01:03:21 UTC 2021,28682
Tue Jul 20 01:07:41 UTC 2021,28683
Wed Jul 21 01:04:32 UTC 2021,28683
Thu Jul 22 01:04:52 UTC 2021,28683
Fri Jul 23 01:04:06 UTC 2021,28683
Sat Jul 24 01:03:27 UTC 2021,28684
Sun Jul 25 01:05:07 UTC 2021,28685
Mon Jul 26 01:02:58 UTC 2021,28685
Tue Jul 27 01:04:08 UTC 2021,28685
Wed Jul 28 01:06:39 UTC 2021,28685
Thu Jul 29 01:01:57 UTC 2021,28685
Fri Jul 30 01:05:35 UTC 2021,28685
Sat Jul 31 01:02:30 UTC 2021,28685
Sun Aug  1 01:12:03 UTC 2021,28685
Mon Aug  2 01:03:05 UTC 2021,28685
Tue Aug  3 01:07:26 UTC 2021,28685
Wed Aug  4 01:02:30 UTC 2021,28686
Thu Aug  5 01:03:44 UTC 2021,28686
Fri Aug  6 01:06:33 UTC 2021,28686
Sat Aug  7 00:57:58 UTC 2021,28686
Sun Aug  8 01:03:35 UTC 2021,28686
Mon Aug  9 01:03:03 UTC 2021,28687
Tue Aug 10 01:05:20 UTC 2021,28687
Wed Aug 11 01:03:26 UTC 2021,28688
Thu Aug 12 01:01:53 UTC 2021,28688
Fri Aug 13 01:04:05 UTC 2021,28688
Sat Aug 14 00:58:09 UTC 2021,28688
Sun Aug 15 01:02:32 UTC 2021,28689
Mon Aug 16 01:01:37 UTC 2021,28693
Tue Aug 17 01:01:00 UTC 2021,28693
Wed Aug 18 01:02:31 UTC 2021,28693
Thu Aug 19 00:55:28 UTC 2021,28693
Fri Aug 20 01:00:16 UTC 2021,28700
Sat Aug 21 00:59:33 UTC 2021,28700
Sun Aug 22 01:00:44 UTC 2021,28701
Mon Aug 23 00:57:17 UTC 2021,28701
Tue Aug 24 01:00:35 UTC 2021,28702
Wed Aug 25 01:01:10 UTC 2021,28704
Thu Aug 26 00:59:11 UTC 2021,28704
Fri Aug 27 01:06:14 UTC 2021,28704
Sat Aug 28 00:58:29 UTC 2021,28704
Sun Aug 29 01:04:26 UTC 2021,28704
Mon Aug 30 01:01:53 UTC 2021,28704
Tue Aug 31 01:03:22 UTC 2021,28704
Wed Sep  1 01:09:10 UTC 2021,28704
Thu Sep  2 01:03:17 UTC 2021,28704
Fri Sep  3 01:02:28 UTC 2021,28704
Sat Sep  4 01:03:55 UTC 2021,28704
Sun Sep  5 01:05:55 UTC 2021,28704
Mon Sep  6 01:09:57 UTC 2021,28704
Tue Sep  7 01:01:22 UTC 2021,28704
Wed Sep  8 01:01:49 UTC 2021,28704
Thu Sep  9 01:06:54 UTC 2021,28704
Fri Sep 10 01:07:22 UTC 2021,28704
Sat Sep 11 01:02:31 UTC 2021,28704
Sun Sep 12 01:06:23 UTC 2021,28704
Mon Sep 13 01:06:17 UTC 2021,28704
Tue Sep 14 01:07:34 UTC 2021,28704
Wed Sep 15 01:03:57 UTC 2021,28704
Thu Sep 16 01:08:12 UTC 2021,28704
Fri Sep 17 01:11:28 UTC 2021,28704
Sat Sep 18 01:03:17 UTC 2021,28704
Sun Sep 19 01:05:46 UTC 2021,28704
Mon Sep 20 01:08:21 UTC 2021,28706
Tue Sep 21 01:06:09 UTC 2021,28706
Wed Sep 22 01:07:57 UTC 2021,28706
Thu Sep 23 01:10:34 UTC 2021,28706
Fri Sep 24 01:06:10 UTC 2021,28706
Sat Sep 25 01:03:50 UTC 2021,28706
Sun Sep 26 01:06:56 UTC 2021,28706
Mon Sep 27 01:05:20 UTC 2021,28707
Tue Sep 28 01:06:01 UTC 2021,28707
Wed Sep 29 01:02:58 UTC 2021,28708
Thu Sep 30 01:11:27 UTC 2021,28708
Fri Oct  1 01:10:29 UTC 2021,28708
Sat Oct  2 01:04:25 UTC 2021,28710
Sun Oct  3 01:11:38 UTC 2021,28712
Mon Oct  4 01:10:59 UTC 2021,28712
Tue Oct  5 01:06:01 UTC 2021,28712
Wed Oct  6 01:06:54 UTC 2021,28712
Thu Oct  7 01:08:37 UTC 2021,28712
Fri Oct  8 01:11:07 UTC 2021,28712
Sat Oct  9 01:03:40 UTC 2021,28712
Sun Oct 10 01:08:14 UTC 2021,28712
Mon Oct 11 01:08:39 UTC 2021,28712
Tue Oct 12 01:10:22 UTC 2021,28712
Wed Oct 13 01:09:32 UTC 2021,28712
Thu Oct 14 01:06:14 UTC 2021,28712
Fri Oct 15 01:10:47 UTC 2021,28712
Sat Oct 16 01:13:47 UTC 2021,28713
Sun Oct 17 01:07:13 UTC 2021,28713
Mon Oct 18 01:10:58 UTC 2021,28713
Tue Oct 19 01:10:54 UTC 2021,28713
Wed Oct 20 01:10:08 UTC 2021,28714
Thu Oct 21 01:15:04 UTC 2021,28714
Fri Oct 22 01:16:56 UTC 2021,28714
Sat Oct 23 01:08:47 UTC 2021,28714
Sun Oct 24 01:07:33 UTC 2021,28714
Mon Oct 25 01:09:02 UTC 2021,28714
Tue Oct 26 01:03:52 UTC 2021,28714
Wed Oct 27 01:03:34 UTC 2021,28715
Thu Oct 28 01:04:39 UTC 2021,28715
Fri Oct 29 01:03:05 UTC 2021,28715
Sat Oct 30 01:02:55 UTC 2021,28715
Sun Oct 31 01:07:43 UTC 2021,28715
Mon Nov  1 01:08:08 UTC 2021,28715
Tue Nov  2 01:08:38 UTC 2021,28715
Wed Nov  3 01:04:32 UTC 2021,28715
Thu Nov  4 01:05:13 UTC 2021,28716
Fri Nov  5 01:04:40 UTC 2021,28717
Sat Nov  6 01:03:09 UTC 2021,28717
Sun Nov  7 01:07:47 UTC 2021,28717
Mon Nov  8 01:05:37 UTC 2021,28717
Tue Nov  9 01:05:45 UTC 2021,28717
Wed Nov 10 01:05:30 UTC 2021,28719
Thu Nov 11 01:06:30 UTC 2021,28721
Fri Nov 12 01:06:54 UTC 2021,28721
Sat Nov 13 01:04:22 UTC 2021,28724
Sun Nov 14 01:07:53 UTC 2021,28724
Mon Nov 15 01:05:35 UTC 2021,28724
Tue Nov 16 01:06:05 UTC 2021,28725
Wed Nov 17 01:05:28 UTC 2021,28725
Thu Nov 18 01:06:08 UTC 2021,28726
Fri Nov 19 01:06:15 UTC 2021,28729
Sat Nov 20 01:04:44 UTC 2021,28731
Sun Nov 21 01:08:46 UTC 2021,28733
Mon Nov 22 01:07:03 UTC 2021,28733
Tue Nov 23 01:05:58 UTC 2021,28733
Wed Nov 24 01:05:39 UTC 2021,28733
Thu Nov 25 01:06:52 UTC 2021,28733
Fri Nov 26 01:04:59 UTC 2021,28733
Sat Nov 27 01:04:14 UTC 2021,28740
Sun Nov 28 01:07:24 UTC 2021,28741
Mon Nov 29 01:06:07 UTC 2021,28741
Tue Nov 30 01:05:41 UTC 2021,28742
Wed Dec  1 01:10:45 UTC 2021,28742
Thu Dec  2 01:07:18 UTC 2021,28742
Fri Dec  3 01:06:35 UTC 2021,28742
Sat Dec  4 01:06:39 UTC 2021,28746
Sun Dec  5 01:12:54 UTC 2021,28746
Mon Dec  6 01:09:15 UTC 2021,28747
Tue Dec  7 01:11:12 UTC 2021,28748
Wed Dec  8 01:09:45 UTC 2021,28748
Thu Dec  9 01:08:45 UTC 2021,28748
Fri Dec 10 01:08:58 UTC 2021,28749
Sat Dec 11 01:07:25 UTC 2021,28749
Sun Dec 12 01:11:55 UTC 2021,28749
Mon Dec 13 01:08:38 UTC 2021,28749
Tue Dec 14 01:12:16 UTC 2021,28749
Wed Dec 15 01:08:05 UTC 2021,28749
Thu Dec 16 01:08:23 UTC 2021,28749
Fri Dec 17 01:11:02 UTC 2021,28749
Sat Dec 18 01:13:07 UTC 2021,28749
Sun Dec 19 01:14:45 UTC 2021,28749
Mon Dec 20 01:11:05 UTC 2021,28749
Tue Dec 21 01:12:46 UTC 2021,28749
Wed Dec 22 01:11:57 UTC 2021,28749
Thu Dec 23 01:10:18 UTC 2021,28750
Fri Dec 24 01:09:19 UTC 2021,28750
Sat Dec 25 01:08:46 UTC 2021,28750
Sun Dec 26 01:14:36 UTC 2021,28750
Mon Dec 27 01:11:04 UTC 2021,28750
Tue Dec 28 01:10:19 UTC 2021,28750
Wed Dec 29 01:09:41 UTC 2021,28750
Thu Dec 30 01:10:07 UTC 2021,28750
Fri Dec 31 01:12:30 UTC 2021,28750
Sat Jan  1 01:13:25 UTC 2022,28750
Sun Jan  2 01:14:41 UTC 2022,28750
Mon Jan  3 01:11:15 UTC 2022,28750
Tue Jan  4 01:12:02 UTC 2022,28750
Wed Jan  5 01:14:07 UTC 2022,28750
Thu Jan  6 01:18:29 UTC 2022,28750
Fri Jan  7 01:18:19 UTC 2022,28750
Sat Jan  8 01:11:46 UTC 2022,28750
Sun Jan  9 01:16:03 UTC 2022,28750
Mon Jan 10 01:11:11 UTC 2022,28750
Tue Jan 11 01:14:04 UTC 2022,28750
Wed Jan 12 01:12:44 UTC 2022,28750
Thu Jan 13 01:15:48 UTC 2022,28750
Fri Jan 14 01:14:28 UTC 2022,28751
Sat Jan 15 01:11:54 UTC 2022,28751
Sun Jan 16 01:16:51 UTC 2022,28753
Mon Jan 17 01:13:55 UTC 2022,28753
Tue Jan 18 01:15:06 UTC 2022,28753
Wed Jan 19 01:05:50 UTC 2022,28753
Thu Jan 20 01:21:19 UTC 2022,28753
Fri Jan 21 01:06:24 UTC 2022,28753
Sat Jan 22 01:05:34 UTC 2022,28753
Sun Jan 23 01:08:27 UTC 2022,28754
Mon Jan 24 01:09:01 UTC 2022,28754
Tue Jan 25 01:14:41 UTC 2022,28754
Wed Jan 26 01:15:18 UTC 2022,28754
Thu Jan 27 01:08:44 UTC 2022,28754
Fri Jan 28 01:08:52 UTC 2022,28754
Sat Jan 29 01:03:50 UTC 2022,28754
Sun Jan 30 01:09:33 UTC 2022,28754
Mon Jan 31 01:06:48 UTC 2022,28754
Tue Feb  1 01:11:42 UTC 2022,28754
Wed Feb  2 01:10:00 UTC 2022,28754
Thu Feb  3 01:06:30 UTC 2022,28754
Fri Feb  4 01:06:41 UTC 2022,28754
Sat Feb  5 00:59:14 UTC 2022,28754
Sun Feb  6 01:17:26 UTC 2022,28754
Mon Feb  7 01:08:55 UTC 2022,28754
Tue Feb  8 01:11:36 UTC 2022,28754
Wed Feb  9 01:15:07 UTC 2022,28754
Thu Feb 10 01:11:50 UTC 2022,28755
Fri Feb 11 01:15:14 UTC 2022,28755
Sat Feb 12 01:15:34 UTC 2022,28755
Sun Feb 13 01:16:03 UTC 2022,28755
Mon Feb 14 01:07:52 UTC 2022,28756
Tue Feb 15 01:19:18 UTC 2022,28756
Wed Feb 16 01:17:42 UTC 2022,28765
Thu Feb 17 01:06:06 UTC 2022,28765
Fri Feb 18 01:18:17 UTC 2022,28765
Sat Feb 19 01:13:47 UTC 2022,28765
Sun Feb 20 01:18:36 UTC 2022,28765
Mon Feb 21 01:09:31 UTC 2022,28765
Tue Feb 22 01:12:17 UTC 2022,28765
Wed Feb 23 01:21:01 UTC 2022,28765
Thu Feb 24 01:19:56 UTC 2022,28765
Fri Feb 25 01:17:30 UTC 2022,28765
Sat Feb 26 01:10:47 UTC 2022,28766
Sun Feb 27 01:18:11 UTC 2022,28766
Mon Feb 28 01:17:42 UTC 2022,28766
Tue Mar  1 01:32:52 UTC 2022,28766
Wed Mar  2 01:23:17 UTC 2022,28766
Thu Mar  3 01:23:03 UTC 2022,28766
Fri Mar  4 01:34:00 UTC 2022,28766
Sat Mar  5 01:20:17 UTC 2022,28767
Sun Mar  6 01:18:52 UTC 2022,28767
Mon Mar  7 01:20:23 UTC 2022,28767
Tue Mar  8 01:19:59 UTC 2022,28767
Wed Mar  9 01:23:35 UTC 2022,28767
Thu Mar 10 01:34:23 UTC 2022,28768
Fri Mar 11 01:26:12 UTC 2022,28768
Sat Mar 12 01:15:08 UTC 2022,28768
Sun Mar 13 01:17:51 UTC 2022,28769
Mon Mar 14 01:22:56 UTC 2022,28769
Tue Mar 15 01:25:06 UTC 2022,28769
Wed Mar 16 01:33:56 UTC 2022,28769
Thu Mar 17 01:23:53 UTC 2022,28769
Fri Mar 18 01:37:07 UTC 2022,28770
Sat Mar 19 01:21:06 UTC 2022,28771
Sun Mar 20 01:25:23 UTC 2022,28771
Mon Mar 21 01:38:06 UTC 2022,28771
Tue Mar 22 01:39:45 UTC 2022,28771
Wed Mar 23 01:43:02 UTC 2022,28771
Thu Mar 24 01:38:13 UTC 2022,28771
Fri Mar 25 01:36:03 UTC 2022,28771
Sat Mar 26 01:35:33 UTC 2022,28772
Sun Mar 27 01:40:22 UTC 2022,28772
Mon Mar 28 01:47:06 UTC 2022,28772
Tue Mar 29 01:45:30 UTC 2022,28772
Wed Mar 30 01:45:15 UTC 2022,28772
Thu Mar 31 01:42:25 UTC 2022,28772
Fri Apr  1 01:54:37 UTC 2022,28772
Sat Apr  2 01:41:54 UTC 2022,28772
Sun Apr  3 01:45:55 UTC 2022,28773
Mon Apr  4 01:50:37 UTC 2022,28773
Tue Apr  5 01:40:18 UTC 2022,28773
Wed Apr  6 01:43:14 UTC 2022,28773
Thu Apr  7 01:40:04 UTC 2022,28773
Fri Apr  8 01:45:16 UTC 2022,28773
Sat Apr  9 01:39:19 UTC 2022,28773
Sun Apr 10 01:46:33 UTC 2022,28773
Mon Apr 11 01:49:58 UTC 2022,28774
Tue Apr 12 01:46:38 UTC 2022,28774
Wed Apr 13 01:53:31 UTC 2022,28774
Thu Apr 14 01:54:50 UTC 2022,28774
Fri Apr 15 01:48:47 UTC 2022,28774
Sat Apr 16 01:41:00 UTC 2022,28774
Sun Apr 17 01:47:49 UTC 2022,28774
Mon Apr 18 02:00:22 UTC 2022,28775
Tue Apr 19 01:58:41 UTC 2022,28775
Wed Apr 20 02:03:20 UTC 2022,28775
Thu Apr 21 01:53:58 UTC 2022,28775
Fri Apr 22 02:01:32 UTC 2022,28775
Sat Apr 23 01:49:13 UTC 2022,28775
Sun Apr 24 01:46:10 UTC 2022,28775
Mon Apr 25 01:50:52 UTC 2022,28775
Tue Apr 26 02:01:30 UTC 2022,28775
Wed Apr 27 02:04:06 UTC 2022,28775
Thu Apr 28 02:39:18 UTC 2022,28776
Fri Apr 29 02:03:32 UTC 2022,28776
Sat Apr 30 02:02:09 UTC 2022,28776
Sun May  1 02:24:34 UTC 2022,28776
Mon May  2 02:06:51 UTC 2022,28776
Tue May  3 02:03:54 UTC 2022,28776
Wed May  4 02:08:04 UTC 2022,28776
Thu May  5 01:53:41 UTC 2022,28776
Fri May  6 01:48:01 UTC 2022,28776
Sat May  7 01:46:22 UTC 2022,28776
Sun May  8 02:00:14 UTC 2022,28776
Mon May  9 02:00:36 UTC 2022,28776
Tue May 10 01:36:50 UTC 2022,28776
Wed May 11 02:01:00 UTC 2022,28776
Thu May 12 02:00:39 UTC 2022,28776
Fri May 13 02:06:42 UTC 2022,28776
Sat May 14 02:09:50 UTC 2022,28776
Sun May 15 02:04:55 UTC 2022,28776
Mon May 16 01:49:59 UTC 2022,28776
Tue May 17 01:56:40 UTC 2022,28776
Wed May 18 01:49:40 UTC 2022,28776
Thu May 19 02:05:06 UTC 2022,28776
Fri May 20 01:56:29 UTC 2022,28776
Sat May 21 01:34:17 UTC 2022,28776
Sun May 22 01:51:28 UTC 2022,28776
Mon May 23 01:54:51 UTC 2022,28776
Tue May 24 02:01:21 UTC 2022,28776
Wed May 25 01:59:56 UTC 2022,28776
Thu May 26 02:03:52 UTC 2022,28776
Fri May 27 01:58:40 UTC 2022,28776
Sat May 28 01:52:51 UTC 2022,28776
Sun May 29 02:12:28 UTC 2022,28776
Mon May 30 02:04:05 UTC 2022,28776
Tue May 31 02:02:47 UTC 2022,28776
Wed Jun  1 02:22:11 UTC 2022,28776
Thu Jun  2 02:02:49 UTC 2022,28776
Fri Jun  3 01:49:10 UTC 2022,28776
Sat Jun  4 01:48:34 UTC 2022,28776
Sun Jun  5 02:01:18 UTC 2022,28776
Mon Jun  6 02:00:18 UTC 2022,28776
Tue Jun  7 01:55:23 UTC 2022,28776
Wed Jun  8 01:54:36 UTC 2022,28776
Thu Jun  9 01:57:24 UTC 2022,28776
Fri Jun 10 02:01:56 UTC 2022,28776
Sat Jun 11 01:55:59 UTC 2022,28776
Sun Jun 12 02:10:49 UTC 2022,28776
Mon Jun 13 02:08:28 UTC 2022,28777
Tue Jun 14 02:11:49 UTC 2022,28778
Wed Jun 15 02:07:14 UTC 2022,28779
Thu Jun 16 01:59:28 UTC 2022,28779
Fri Jun 17 02:00:52 UTC 2022,28779
Sat Jun 18 02:01:37 UTC 2022,28779
Sun Jun 19 02:11:24 UTC 2022,28780
Mon Jun 20 02:01:02 UTC 2022,28780
Tue Jun 21 02:02:00 UTC 2022,28780
Wed Jun 22 02:14:36 UTC 2022,28780
Thu Jun 23 02:01:42 UTC 2022,28780
Fri Jun 24 02:06:20 UTC 2022,28781
Sat Jun 25 02:10:19 UTC 2022,28781
Sun Jun 26 02:18:14 UTC 2022,28781
Mon Jun 27 02:07:05 UTC 2022,28781
Tue Jun 28 02:05:08 UTC 2022,28781
Wed Jun 29 02:12:58 UTC 2022,28781
Thu Jun 30 02:11:00 UTC 2022,28781
Fri Jul  1 02:26:06 UTC 2022,28781
Sat Jul  2 02:06:57 UTC 2022,28781
Sun Jul  3 02:12:36 UTC 2022,28782
Mon Jul  4 02:20:50 UTC 2022,28782
Tue Jul  5 02:10:51 UTC 2022,28782
Wed Jul  6 02:23:22 UTC 2022,28782
Thu Jul  7 02:20:23 UTC 2022,28782
Fri Jul  8 02:19:56 UTC 2022,28782
Sat Jul  9 02:00:21 UTC 2022,28782
Sun Jul 10 02:22:59 UTC 2022,28783
Mon Jul 11 02:09:14 UTC 2022,28783
Tue Jul 12 02:22:23 UTC 2022,28783
Wed Jul 13 02:09:53 UTC 2022,28783
Thu Jul 14 02:22:21 UTC 2022,28783
